イオンバイク,0000,【お店受取り送料無料】 パナソニック (Panasonic) SW イオン限定モデル マットジェットブラック 変速なし 20型 BE-2ELSW01B 電動自転車,69800,75384
イオンバイク,0000,【お店受取り送料無料】 パナソニック (Panasonic) SW イオン限定モデル アクティブホワイト 変速なし 20型 BE-2ELSW01F 電動自転車,69800,75384
イオンバイク,0000,【お店受取り送料無料】 パナソニック (Panasonic) SW イオン限定モデル マットブルーグレー 変速なし 20型 BE-2ELSW01V 電動自転車,69800,75384
イオンバイク,0000,【お店受取り送料無料】 パナソニック (Panasonic) SW イオン限定モデル マットディープグリーン 変速なし 20型 BE-2ELSW01G2 電動自転車,69800,75384
イオンバイク,0000,【お店受取り送料無料】 パナソニック (Panasonic) SW イオン限定モデル マットネイビー 変速なし 20型 BE-2ELSW01V2 電動自転車,69800,75384
イオンバイク,0000,【お店受取り送料無料】 パナソニック (Panasonic) SW イオン限定モデル マットクラウディグレー 変速なし 20型 BE-2ELSW01N 電動自転車,69800,75384
イオンバイク,2017,【お店受取り送料無料】【ヤマハ YAMAHA】PAS ナチュラ M 2017年モデル シルバー 26型 内装3段変速【ラクラク】【電動自転車】【イオン】【自転車】【26インチ】,78704,85000
イオンバイク,2017,【お店受取り送料無料】【ヤマハ YAMAHA】PAS ナチュラ M 2017年モデル アースブルー 26型 内装3段変速【ラクラク】【電動自転車】【イオン】【自転車】【26インチ】,78704,85000
イオンバイク,2017,【お店受取り送料無料】【ヤマハ YAMAHA】PAS ナチュラ M 2017年モデル ターコイズ 26型 内装3段変速【ラクラク】【電動自転車】【イオン】【自転車】【26インチ】,78704,85000
イオンバイク,2017,【お店受取り送料無料】【ヤマハ YAMAHA】PAS ナチュラ M 2017年モデル カラメルブラウン 26型 内装3段変速【ラクラク】【電動自転車】【イオン】【自転車】【26インチ】,78704,85000
イオンバイク,2017,【お店受取り送料無料】【ヤマハ YAMAHA】PAS ナチュラ M 2017年モデル リッチレッド 26型 内装3段変速【ラクラク】【電動自転車】【イオン】【自転車】【26インチ】,78704,85000
イオンバイク,2018-2019,【お店受取り送料無料】 パナソニック (PANASONIC) ビビTX 2018-2019年(継続)モデル イオン限定仕様 オフホワイト 内装3段変速 26型 BE-3ELTX633 電動自転車,79800,86184
イオンバイク,2018,【お店受取り送料無料】【ヤマハ】PAS ナチュラXL リミテッド 2018年モデル PA26DGLC8J レッド 26型 内装3段変速【電動自転車】【イオン】,83149,89800
イオンバイク,0000,【お店受取り送料無料】 パナソニック (Panasonic) ベロスター ワインレッド 外装7段変速 700&#215;38C BE-ELVS77R 電動自転車,86800,93744
イオンバイク,0000,【お店受取り送料無料】 パナソニック (Panasonic) ベロスター クリスタルホワイト 外装7段変速 700&#215;38C BE-ELVS77F 電動自転車,86800,93744
イオンバイク,0000,【お店受取り送料無料】 パナソニック (Panasonic) ベロスター ミッドナイトブラック 外装7段変速 700&#215;38C BE-ELVS77B 電動自転車,86800,93744
イオンバイク,0000,【お店受取り送料無料】 パナソニック (Panasonic) ベロスター・ミニ メタリックオレンジ 外装7段変速 20型 BE-ELVS07K 電動自転車,86800,93744
イオンバイク,0000,【お店受取り送料無料】 パナソニック (Panasonic) ベロスター・ミニ マットオリーブ 外装7段変速 20型 BE-ELVS07G 電動自転車,86800,93744
イオンバイク,0000,【お店受取り送料無料】 パナソニック (Panasonic) ベロスター・ミニ ミッドナイトブラック 外装7段変速 20型 BE-ELVS07B 電動自転車,86800,93744
イオンバイク,2019,【お店受取り送料無料】 ヤマハ (YAMAHA) PAS ナチュラM 2019年モデル ミラーシルバー 内装3段変速 24&#215;1 3/8 24型 PA24NM,89800,96984
イオンバイク,2019,【お店受取り送料無料】 ヤマハ (YAMAHA) PAS ナチュラXM 2019年モデル イオン限定仕様 12.3Ah 大容量バッテリー搭載 ナチュラM アイボリー 内装3段変速 26型 電動自転車,89800,96984
イオンバイク,2019,【お店受取り送料無料】 ヤマハ (YAMAHA) PAS ナチュラXM 2019年モデル イオン限定仕様 12.3Ah 大容量バッテリー搭載 ナチュラM アースブルー 内装3段変速 26型 電動自転車,89800,96984
イオンバイク,2019,【お店受取り送料無料】 ヤマハ (YAMAHA) PAS ナチュラXM 2019年モデル イオン限定仕様 12.3Ah 大容量バッテリー搭載 ナチュラM カラメルブラウン 内装3段変速 26型 電動自転車,89800,96984
イオンバイク,2018,【お店受取り送料無料】 ヤマハ (YAMAHA) PAS ウィズ With 2018年モデル ビビッドレッド 26型 内装3段変速 電動自転車,92408,99800
イオンバイク,2018,【お店受取り送料無料】 ヤマハ (YAMAHA) PAS ウィズ With 2018年モデル ダークメタリックブラウン 26型 内装3段変速 電動自転車,92408,99800
イオンバイク,2018,【お店受取り送料無料】 ヤマハ (YAMAHA) PAS ウィズ With 2018年モデル ピュアパールホワイト 26型 内装3段変速 電動自転車,92408,99800
イオンバイク,2018,【お店受取り送料無料】 ヤマハ (YAMAHA) PAS ウィズ With 2018年モデル ピュアシルバー 26型 内装3段変速 電動自転車,92408,99800
イオンバイク,2018,【お店受取り送料無料】 ヤマハ (YAMAHA) PAS ウィズ With 2018年モデル ライムグリーン 26型 内装3段変速 電動自転車,92408,99800
イオンバイク,2018,【お店受取り送料無料】 ヤマハ (YAMAHA) PAS ウィズ With 2018年モデル ピュアシルバー 24型 内装3段変速 電動自転車,92408,99800
イオンバイク,0000,【お店受取り送料無料】【トランスモバイリー】折りたたみ電動アシスト自転車 ULTRA LIGHT E-BIKE TRANS MOBILLY ブラック 14型 変速なし【ラクラク】【電動自転車】【イオン】【自転車】,92408,99800
イオンバイク,0000,【お店受取り送料無料】【トランスモバイリー】折りたたみ電動アシスト自転車 ULTRA LIGHT E-BIKE TRANS MOBILLY レッド 14型 変速なし【ラクラク】【電動自転車】【イオン】【自転車】,92408,99800
イオンバイク,0000,【お店受取り送料無料】【トランスモバイリー】折りたたみ電動アシスト自転車 ULTRA LIGHT E-BIKE TRANS MOBILLY ホワイト 14型 変速なし【ラクラク】【電動自転車】【イオン】【自転車】,92408,99800
イオンバイク,2019,【お店受取り限定】 ヤマハ (YAMAHA) PAS ウィズ With 2019年モデル ピュアシルバー 内装3段変速 26型 PA26W 電動自転車,93800,101304
イオンバイク,2019,【お店受取り限定】 ヤマハ (YAMAHA) PAS ウィズ With 2019年モデル ダークメタリックブルー 内装3段変速 26型 PA26W 電動自転車,93800,101304
イオンバイク,2019,【お店受取り限定】 ヤマハ (YAMAHA) PAS ウィズ With 2019年モデル ダークメタリックブラウン 内装3段変速 26型 PA26W 電動自転車,93800,101304
イオンバイク,2019,【お店受取り限定】 ヤマハ (YAMAHA) PAS ウィズ With 2019年モデル アクアシアン 内装3段変速 26型 PA26W 電動自転車,93800,101304
イオンバイク,2019,【お店受取り限定】 ヤマハ (YAMAHA) PAS ウィズ With 2019年モデル ライムグリーン 内装3段変速 26型 PA26W 電動自転車,93800,101304
イオンバイク,2019,【お店受取り限定】 ヤマハ (YAMAHA) PAS ウィズ With 2019年モデル ピュアパールホワイト 内装3段変速 26型 PA26W 電動自転車,93800,101304
イオンバイク,2019,【お店受取り限定】 ヤマハ (YAMAHA) PAS ウィズ With 2019年モデル ビビッドマットオレンジ 内装3段変速 26型 PA26W 電動自転車,93800,101304
イオンバイク,2019,【お店受取り限定】 ヤマハ (YAMAHA) PAS ウィズ With 2019年モデル ピュアシルバー 内装3段変速 24型 PA24W 電動自転車,93800,101304
イオンバイク,2019,【お店受取り限定】 ヤマハ (YAMAHA) PAS ウィズ With 2019年モデル ダークメタリックブルー 内装3段変速 24型 PA24W 電動自転車,93800,101304
イオンバイク,2019,【お店受取り限定】 ヤマハ (YAMAHA) PAS ウィズ With 2019年モデル ダークメタリックブラウン 内装3段変速 24型 PA24W 電動自転車,93800,101304
イオンバイク,2019,【お店受取り限定】 ヤマハ (YAMAHA) PAS ウィズ With 2019年モデル アクアシアン 内装3段変速 24型 PA24W 電動自転車,93800,101304
イオンバイク,2019,【お店受取り限定】 ヤマハ (YAMAHA) PAS ウィズ With 2019年モデル ライムグリーン 内装3段変速 24型 PA24W 電動自転車,93800,101304
イオンバイク,2018,【お店受取り送料無料】 ヤマハ (YAMAHA) PAS ウィズ デラックス With DX 2018年モデル グレイッシュブルー 26型 内装3段変速 電動自転車,94800,102384
イオンバイク,2018,【お店受取り送料無料】 ヤマハ (YAMAHA) PAS ウィズ デラックス With DX 2018年モデル ピュアホワイト 26型 内装3段変速 電動自転車,94800,102384
イオンバイク,2018,【お店受取り送料無料】 ヤマハ (YAMAHA) PAS ウィズ デラックス With DX 2018年モデル ワインレッド 26型 内装3段変速 電動自転車,94800,102384
イオンバイク,2018,【お店受取り送料無料】 ヤマハ (YAMAHA) PAS ウィズ デラックス With DX 2018年モデル グレイッシュブルー 24型 内装3段変速 電動自転車,94800,102384
イオンバイク,2018,【お店受取り送料無料】 ヤマハ (YAMAHA) PAS ウィズ デラックス With DX 2018年モデル マットブラック2 24型 内装3段変速 電動自転車,94800,102384
イオンバイク,2019,【お店受取り限定】 ヤマハ (YAMAHA) PAS ウィズ デラックス With DX 2019年モデル ピュアホワイト 内装3段変速 26型 PA26WDX 電動自転車,95800,103464
イオンバイク,2019,【お店受取り限定】 ヤマハ (YAMAHA) PAS ウィズ デラックス With DX 2019年モデル マットブラック2 内装3段変速 26型 PA26WDX 電動自転車,95800,103464
イオンバイク,2019,【お店受取り限定】 ヤマハ (YAMAHA) PAS ウィズ デラックス With DX 2019年モデル マットカフェベージュ 内装3段変速 26型 PA26WDX 電動自転車,95800,103464
イオンバイク,2019,【お店受取り限定】 ヤマハ (YAMAHA) PAS ウィズ デラックス With DX 2019年モデル パウダーブルー2 内装3段変速 26型 PA26WDX 電動自転車,95800,103464
イオンバイク,2019,【お店受取り限定】 ヤマハ (YAMAHA) PAS ウィズ デラックス With DX 2019年モデル ディープフォレスト 内装3段変速 26型 PA26WDX 電動自転車,95800,103464
イオンバイク,2019,【お店受取り限定】 ヤマハ (YAMAHA) PAS ウィズ デラックス With DX 2019年モデル ワインレッド 内装3段変速 26型 PA26WDX 電動自転車,95800,103464
イオンバイク,2019,【お店受取り限定】 ヤマハ (YAMAHA) PAS ウィズ デラックス With DX 2019年モデル ピュアホワイト 内装3段変速 24型 PA24WDX 電動自転車,95800,103464
イオンバイク,2019,【お店受取り限定】 ヤマハ (YAMAHA) PAS ウィズ デラックス With DX 2019年モデル マットブラック2 内装3段変速 24型 PA24WDX 電動自転車,95800,103464
イオンバイク,2019,【お店受取り限定】 ヤマハ (YAMAHA) PAS ウィズ デラックス With DX 2019年モデル マットカフェベージュ 内装3段変速 24型 PA24WDX 電動自転車,95800,103464
イオンバイク,2019,【お店受取り限定】 ヤマハ (YAMAHA) PAS ウィズ デラックス With DX 2019年モデル パウダーブルー2 内装3段変速 24型 PA24WDX 電動自転車,95800,103464
イオンバイク,2019,【お店受取り送料無料】 パナソニック (Panasonic) ビビ・DX 2019年モデル オフホワイト 内装3段変速 26型 BE-ELD635F2 電動自転車,97800,105624
イオンバイク,2019,【お店受取り送料無料】 パナソニック (Panasonic) ビビ・DX 2019年モデル ビターブラウン 内装3段変速 26型 BE-ELD635T2 電動自転車,97800,105624
イオンバイク,2019,【お店受取り送料無料】 パナソニック (Panasonic) ビビ・DX 2019年モデル USブルー 内装3段変速 26型 BE-ELD635V 電動自転車,97800,105624
イオンバイク,2018,【お店受取り送料無料】 ヤマハ (YAMAHA) PAS SION U パス シオンユー 2018年モデル PA26SU レッド 26型 内装3段変速 電動自転車,98000,105840
イオンバイク,2018,【お店受取り送料無料】 ヤマハ (YAMAHA) PAS SION U パス シオンユー 2018年モデル PA26SU アイボリー 26型 内装3段変速 電動自転車,98000,105840
イオンバイク,2018,【お店受取り送料無料】 ヤマハ (YAMAHA) PAS SION U パス シオンユー 2018年モデル PA26SU アースブルー 26型 内装3段変速 電動自転車,98000,105840
イオンバイク,2018,【お店受取り送料無料】 ヤマハ (YAMAHA) PAS SION U パス シオンユー 2018年モデル PA24SU レッド 24型 内装3段変速 電動自転車,98000,105840
イオンバイク,2018,【お店受取り送料無料】 ヤマハ (YAMAHA) PAS SION U パス シオンユー 2018年モデル PA24SU アースブルー 24型 内装3段変速 電動自転車,98000,105840
イオンバイク,2018,【お店受取り送料無料】 ヤマハ (YAMAHA) PAS SION U パス シオンユー 2018年モデル PA20SU レッド 20型 内装3段変速 電動自転車,98000,105840
イオンバイク,2018,【お店受取り送料無料】 ヤマハ (YAMAHA) PAS SION U パス シオンユー 2018年モデル PA20SU アイボリー 20型 内装3段変速 電動自転車,98000,105840
イオンバイク,2018,【お店受取り送料無料】 ヤマハ (YAMAHA) PAS SION U パス シオンユー 2018年モデル PA20SU アースブルー 20型 内装3段変速 電動自転車,98000,105840
イオンバイク,2018,【お店受取り送料無料】 ヤマハ (YAMAHA) PAS SION U パス シオンユー 2018年モデル PA20SU ビンテージブロンズ 20型 内装3段変速 電動自転車,98000,105840
イオンバイク,2018,【お店受取り送料無料】【ヤマハ】PAS アミ Ami 2018年モデル マットネイビー 26型 内装3段変速【ラクラク】【電動自転車】【イオン】【自転車】,100800,108864
イオンバイク,2018,【お店受取り送料無料】【ヤマハ】PAS アミ Ami 2018年モデル Aレッド 26型 内装3段変速【ラクラク】【電動自転車】【イオン】【自転車】,100800,108864
イオンバイク,2018,【お店受取り送料無料】【ヤマハ】PAS アミ Ami 2018年モデル シアンブルー 26型 内装3段変速【ラクラク】【電動自転車】【イオン】【自転車】,100800,108864
イオンバイク,2018,【お店受取り送料無料】【ヤマハ】PAS アミ Ami 2018年モデル スノーホワイト 26型 内装3段変速【ラクラク】【電動自転車】【イオン】【自転車】,100800,108864
イオンバイク,2018,【お店受取り送料無料】【ヤマハ】PAS アミ Ami 2018年モデル Sベージュ 26型 内装3段変速【ラクラク】【電動自転車】【イオン】【自転車】,100800,108864
イオンバイク,2018,【お店受取り送料無料】【ヤマハ】PAS CITY-C シティC 2018年モデル PA20CC マットオリーブ 20型 内装3段変速【ラクラク】【電動自転車】【イオン】【自転車】,101800,109944
イオンバイク,2018,【お店受取り送料無料】【ヤマハ】PAS CITY-C シティC 2018年モデル PA20CC モダンブルー 20型 内装3段変速【ラクラク】【電動自転車】【イオン】【自転車】,101800,109944
イオンバイク,2018,【お店受取り送料無料】【ヤマハ】PAS CITY-C シティC 2018年モデル PA20CC レッド 20型 内装3段変速【ラクラク】【電動自転車】【イオン】【自転車】,101800,109944
イオンバイク,2018,【お店受取り送料無料】【ヤマハ】PAS CITY-C シティC 2018年モデル PA20CC クリスタルホワイト 20型 内装3段変速【ラクラク】【電動自転車】【イオン】【自転車】,101800,109944
イオンバイク,2018,【お店受取り送料無料】【ヤマハ】PAS CITY-SP5 (パス シティ エスピー ファイブ) 2018年モデル PA27CSP5 ディープブラック 27型 内装5段変速【電動自転車】【イオン】,105800,114264
イオンバイク,2018,【お店受取り送料無料】【ヤマハ】PAS CITY-X シティX 2018年モデル PA20CX メタル 20型 内装3段変速【ラクラク】【電動自転車】【イオン】【自転車】,105800,114264
イオンバイク,2018,【お店受取り送料無料】【ヤマハ】PAS CITY-X シティX 2018年モデル PA20CX マットグラファイト 20型 内装3段変速【ラクラク】【電動自転車】【イオン】【自転車】,105800,114264
イオンバイク,2018,【お店受取り送料無料】【ヤマハ】PAS CITY-X シティX 2018年モデル PA20CX ボルドー 20型 内装3段変速【ラクラク】【電動自転車】【イオン】【自転車】,105800,114264
イオンバイク,2018,【お店受取り送料無料】【ヤマハ】PAS CITY-X シティX 2018年モデル PA20CX クリスタルホワイト 20型 内装3段変速【ラクラク】【電動自転車】【イオン】【自転車】,105800,114264
イオンバイク,2019,【お店受取り送料無料】 パナソニック (Panasonic) ビビ・L 2019年モデル ラセットオレンジ 内装3段変速 24型 BE-ELL43K 電動自転車,105800,114264
イオンバイク,2019,【お店受取り送料無料】 パナソニック (Panasonic) ビビ・L 2019年モデル ウォームシルバー 内装3段変速 24型 BE-ELL43S 電動自転車,105800,114264
イオンバイク,2019,【お店受取り送料無料】 パナソニック (Panasonic) ビビ・L 2019年モデル チョコブラウン 内装3段変速 24型 BE-ELL43T 電動自転車,105800,114264
イオンバイク,2019,【お店受取り送料無料】 パナソニック (Panasonic) ビビ・L 2019年モデル ターコイズブルー 内装3段変速 24型 BE-ELL43V 電動自転車,105800,114264
イオンバイク,2019,【お店受取り送料無料】 パナソニック (Panasonic) ビビ・L 2019年モデル ラセットオレンジ 内装3段変速 26型 BE-ELL63K 電動自転車,105800,114264
イオンバイク,2019,【お店受取り送料無料】 パナソニック (Panasonic) ビビ・L 2019年モデル ウォームシルバー 内装3段変速 26型 BE-ELL63S 電動自転車,105800,114264
イオンバイク,2019,【お店受取り送料無料】 パナソニック (Panasonic) ビビ・L 2019年モデル チョコブラウン 内装3段変速 26型 BE-ELL63T 電動自転車,105800,114264
イオンバイク,2019,【お店受取り送料無料】 パナソニック (Panasonic) ビビ・L 2019年モデル ターコイズブルー 内装3段変速 26型 BE-ELL63V 電動自転車,105800,114264
イオンバイク,2019,【お店受取り送料無料】 パナソニック (Panasonic) ビビ・L20 2019年モデル ラセットオレンジ 内装3段変速 20型 BE-ELL03K 電動自転車,105800,114264
イオンバイク,2019,【お店受取り送料無料】 パナソニック (Panasonic) ビビ・L20 2019年モデル ウォームシルバー 内装3段変速 20型 BE-ELL03S 電動自転車,105800,114264
イオンバイク,2019,【お店受取り送料無料】 パナソニック (Panasonic) ビビ・L20 2019年モデル チョコブラウン 内装3段変速 20型 BE-ELL03T 電動自転車,105800,114264
イオンバイク,0000,【お店受取り送料無料】 パナソニック (Panasonic) グリッター マットルージュ 内装3段変速 20型 BE-ELGL033R2 電動自転車,106800,115344
イオンバイク,0000,【お店受取り送料無料】 パナソニック (Panasonic) グリッター マットダークブラウン 内装3段変速 20型 BE-ELGL033T2 電動自転車,106800,115344
イオンバイク,0000,【お店受取り送料無料】 パナソニック (Panasonic) グリッター グレイッシュレディブルー 内装3段変速 20型 BE-ELGL033V 電動自転車,106800,115344
イオンバイク,0000,【お店受取り送料無料】 パナソニック (Panasonic) Jコンセプト マットナイト 変速なし 20型 BE-JELJ01AB 電動自転車,106800,115344
イオンバイク,0000,【お店受取り送料無料】 ヤマハ (YAMAHA) PAS CITY-V  パス シティ ヴイ ミラーシルバー 内装5段変速 24型 PA24CV 電動自転車,109800,118584
イオンバイク,0000,【お店受取り送料無料】 ヤマハ (YAMAHA) PAS CITY-V  パス シティ ヴイ ディープグリーン 内装5段変速 24型 PA24CV 電動自転車,109800,118584
イオンバイク,0000,【お店受取り送料無料】 ヤマハ (YAMAHA) PAS CITY-V  パス シティ ヴイ ルビーレッド 内装5段変速 24型 PA24CV 電動自転車,109800,118584
イオンバイク,0000,【お店受取り送料無料】 パナソニック (Panasonic) イーゼット EZ マットゴールド 内装3段変速 20型 BE-ELZ032AT 電動自転車,113800,122904
イオンバイク,2018,【お店受取り送料無料】【ヤマハ】PAS Mina 2018年モデル シルキーブラック 26型 内装3段変速【ラクラク】【電動自転車】【イオン】【自転車】,115800,125064
イオンバイク,2018,【お店受取り送料無料】【ヤマハ】PAS Mina 2018年モデル シルキーホワイト 26型 内装3段変速【ラクラク】【電動自転車】【イオン】【自転車】,115800,125064
イオンバイク,2018,【お店受取り送料無料】【ヤマハ】PAS VIENTA 5 パス ヴィエンタ ファイブ 2018年モデル PA26V エスニックブルー 26型 内装5段変速【電動自転車】【イオン】,121800,131544
イオンバイク,2018,【お店受取り送料無料】【ヤマハ】PAS VIENTA 5 パス ヴィエンタ ファイブ 2018年モデル PA26V ビターオレンジ 26型 内装5段変速【電動自転車】【イオン】,121800,131544
イオンバイク,2018,【お店受取り送料無料】【ヤマハ】PAS VIENTA 5 パス ヴィエンタ ファイブ 2018年モデル PA26V マットブラック 26型 内装5段変速【電動自転車】【イオン】,121800,131544
イオンバイク,0000,【お店受取り送料無料】 パナソニック (Panasonic) オフタイム マットナイト&#215;ブラック 外装7段変速 18/20型 BE-ELW072AB2 電動自転車,122800,132624
イオンバイク,0000,【お店受取り送料無料】 パナソニック (Panasonic) オフタイム パールホワイト&#215;ブラック 外装7段変速 18/20型 BE-ELW072AF2 電動自転車,122800,132624
イオンバイク,0000,【お店受取り送料無料】 パナソニック (Panasonic) オフタイム ブルーグレー&#215;ブラック 外装7段変速 18/20型 BE-ELW072AV2 電動自転車,122800,132624
イオンバイク,0000,【お店受取り送料無料】 パナソニック (Panasonic) ハリヤ マットナイト 外装7段変速 26型 BE-ELH242BB 電動自転車,124800,134784
イオンバイク,0000,【お店受取り送料無料】 パナソニック (Panasonic) ハリヤ クリスタルホワイト 外装7段変速 26型 BE-ELH242BF 電動自転車,124800,134784
イオンバイク,0000,【お店受取り送料無料】 パナソニック (Panasonic) ハリヤ ストーングレー 外装7段変速 26型 BE-ELH242BN 電動自転車,124800,134784
イオンバイク,0000,【お店受取り送料無料】 パナソニック (Panasonic) ハリヤ フラッシュアクア 外装7段変速 26型 BE-ELH242BV 電動自転車,124800,134784
イオンバイク,0000,【お店受取り送料無料】 パナソニック (Panasonic) BP02 ショアブルー 内装3段変速 26型 BE-ELZC63AV 電動自転車,126800,136944
イオンバイク,2018,【お店受取り送料無料】【ヤマハ】PAS ウィズ スーパー With SP 2018年モデル シャンパンシルバー 26型 内装3段変速【ラクラク】【電動自転車】【イオン】【自転車】,131800,142344
イオンバイク,2018,【お店受取り送料無料】【ヤマハ】PAS ウィズ スーパー With SP 2018年モデル ブロンズメタリック 26型 内装3段変速【ラクラク】【電動自転車】【イオン】【自転車】,131800,142344
イオンバイク,2018,【お店受取り送料無料】【ヤマハ】PAS ウィズ スーパー With SP 2018年モデル ダークメタリックレッド 24型 内装3段変速【ラクラク】【電動自転車】【イオン】【自転車】,131800,142344
イオンバイク,2018,【お店受取り送料無料】【ヤマハ】PAS ウィズ スーパー With SP 2018年モデル シャンパンシルバー 24型 内装3段変速【ラクラク】【電動自転車】【イオン】【自転車】,131800,142344
イオンバイク,2019,【お店受取り限定】 ヤマハ (YAMAHA) PAS ウィズ スーパー With SP 2019年モデル ダークメタリックレッド 内装3段変速 26型 PA26WSP 電動自転車,131800,142344
イオンバイク,2019,【お店受取り限定】 ヤマハ (YAMAHA) PAS ウィズ スーパー With SP 2019年モデル グレーメタリック 内装3段変速 26型 PA26WSP 電動自転車,131800,142344
イオンバイク,2019,【お店受取り限定】 ヤマハ (YAMAHA) PAS ウィズ スーパー With SP 2019年モデル マットダークグリーン 内装3段変速 26型 PA26WSP 電動自転車,131800,142344
イオンバイク,2019,【お店受取り限定】 ヤマハ (YAMAHA) PAS ウィズ スーパー With SP 2019年モデル ブロンズメタリック 内装3段変速 26型 PA26WSP 電動自転車,131800,142344
イオンバイク,2019,【お店受取り限定】 ヤマハ (YAMAHA) PAS ウィズ スーパー With SP 2019年モデル ダークメタリックレッド 内装3段変速 24型 PA24WSP 電動自転車,131800,142344
イオンバイク,2019,【お店受取り限定】 ヤマハ (YAMAHA) PAS ウィズ スーパー With SP 2019年モデル グレーメタリック 内装3段変速 24型 PA24WSP 電動自転車,131800,142344
イオンバイク,0000,【お店受取り送料無料】 パナソニック (Panasonic) ジェッター マットチャコールブラック 440mmサイズ 外装8段変速 700C BE-ELHC44AB 電動自転車,145800,157464
イオンバイク,0000,【お店受取り送料無料】 パナソニック (Panasonic) ジェッター マットチャコールブラック 490mmサイズ 外装8段変速 700C BE-ELHC49AB 電動自転車,145800,157464
イオンバイク,0000,【お店受取り送料無料】 パナソニック (Panasonic) ジェッター マットバーニングリーブス 490mmサイズ 外装8段変速 700C BE-ELHC49AK 電動自転車,145800,157464
イオンバイク,0000,【お店受取り送料無料】 パナソニック (Panasonic) ジェッター マットクラウディグレー 490mmサイズ 外装8段変速 700C BE-ELHC49AN 電動自転車,145800,157464
イオンバイク,2018,【お店受取り送料無料】 ヤマハ (YAMAHA) PAS Brace パス ブレイス 2018年モデル PA26B クリスタルホワイト 26型 内装8段変速 電動自転車,151800,163944
イオンバイク,2018,【お店受取り送料無料】 ヤマハ (YAMAHA) PAS Brace パス ブレイス 2018年モデル PA26B マットグラファイト 26型 内装8段変速 電動自転車,151800,163944
イオンバイク,2018,【お店受取り送料無料】 ヤマハ (YAMAHA) PAS Brace パス ブレイス 2018年モデル PA26B アースブルー 26型 内装8段変速 電動自転車,151800,163944
イオンバイク,2018,【お店受取り送料無料】 ヤマハ (YAMAHA) PAS Brace パス ブレイス 2018年モデル PA26B リッチレッド 26型 内装8段変速 電動自転車,151800,163944
