イオンバイク,0,【お店受取り送料無料】 パナソニック (Panasonic) SW イオン限定モデル アクティブホワイト 変速なし 20型 BE-2ELSW01F 電動自転車,69800,75384
サイクルスポット,2018,パナソニック 限定特価 ビビSX26 ママチャリ 電動自転車〔SALE_BE-ELSX63〕【2018年モデル】【アウトレット品】,76800,82944
サイクルベースあさひ,2018,    2018 ティモ W 「BE-ELWD632」 26インチ 電動自転車,,83500
イオンバイク,2017,【お店受取り送料無料】【ヤマハ YAMAHA】PAS ナチュラ M 2017年モデル アースブルー 26型 内装3段変速【ラクラク】【電動自転車】【イオン】【自転車】【26インチ】,78704,85000
サイクルベースあさひ,2019,    2019 PAS ナチュラM 26インチ 電動自転車,,85374
サイクルベースあさひ,2019,    2019 PAS ナチュラM 24インチ 電動自転車,,85374
イオンバイク,2018-2019,【お店受取り送料無料】 パナソニック (PANASONIC) ビビTX 2018-2019年(継続)モデル イオン限定仕様 オフホワイト 内装3段変速 26型 BE-3ELTX633 電動自転車,79800,86184
サイクルスポット,2018,ブリヂストンサイクル アシスタファイン26 ママチャリ電動自転車〔A6FC18〕【2018年モデル】,79800,86184
サイクルスポット,2018,ブリヂストンサイクル アシスタベーシックミニ 電動自転車〔A0BD18〕【2018年モデル】,79800,86184
サイクルスポット,2018,パナソニック ビビSX24〔BE-ELSX43〕電動自転車【2018年モデル】【WEB限定価格】,80000,86400
サイクルスポット,2018,パナソニック ビビSX26〔BE-ELSX63〕電動自転車【2018年モデル】【WEB限定価格】,80000,86400
サイクルベースあさひ,0,    【アウトレットSALE】16 PAS SION-U20 電動自転車 【OLSL1811】,,88980
イオンバイク,0,【お店受取り送料無料】 パナソニック (Panasonic) 24インチ ビビ SX マットブラック 内装3段変速 24型 BE-ELSX43B 電動自転車,82800,89424
イオンバイク,2018,【お店受取り送料無料】【ヤマハ】PAS ナチュラXL リミテッド 2018年モデル PA26DGLC8J レッド 26型 内装3段変速【電動自転車】【イオン】,83149,89800
サイクルベースあさひ,2018,    2018 ビビSX「ELSX63」 26インチ 電動自転車,,89980
サイクルベースあさひ,2018,    2018 ビビSX「ELSX43」 24インチ 電動自転車,,89980
サイクルベースあさひ,0,    【アウトレットSALE】16 PAS CITY-X 電動自転車 【OLSL1811】,,89980
サイクルベースあさひ,2018,    2018 ベロスター「ELVS77」700C 7段変速 電動自転車,,92340
サイクルベースあさひ,2018,    2018 ベロスターミニ「ELVS07」20インチ 7段変速 電動自転車,,92340
サイクルベースあさひ,2019,    2019 アシスタプリマ 「A6PC18」 26インチ 電動自転車,,93980
サイクルベースあさひ,2016,    【アウトレットSALE】2016 グリッターA 「BE-ELGL63」 26インチ 電動自転車 【OLSL1811】,,93980
サイクルスポット,2018,ブリヂストンサイクル アシスタファイン24 電動自転車〔A4FC18〕【2018年モデル】,87800,94824
サイクルベースあさひ,2019,    2019 アシスタファインミニ 「A0BC18」 18インチ 電動自転車,,94980
サイクルスポット,2018,ビビLU26 〔BE-ELLU632〕【2018年モデル】パナソニック 電動自転車 ママチャリ【WEB限定価格】,89000,96120
イオンバイク,0,【お店受取り送料無料】 パナソニック (Panasonic) ベロスター ワインレッド 外装7段変速 700&#215;38C BE-ELVS77R 電動自転車,89800,96984
イオンバイク,0,【お店受取り送料無料】 パナソニック (Panasonic) ベロスター・ミニ ミッドナイトブラック 外装7段変速 20型 BE-ELVS07B 電動自転車,89800,96984
イオンバイク,2019,【お店受取り送料無料】 ヤマハ (YAMAHA) PAS ナチュラM 2019年モデル レッド 内装3段変速 24&#215;1 3/8 24型 PA24NM,89800,96984
イオンバイク,2019,【お店受取り送料無料】 ヤマハ (YAMAHA) PAS ナチュラXM 2019年モデル イオン限定仕様 12.3Ah 大容量バッテリー搭載 ナチュラM アイボリー 内装3段変速 26型 電動自転車,89800,96984
サイクルスポット,2018,ヤマハ PAS With26〔PA26AGWL8J〕パスウィズ26インチ ママチャリ電動自転車【2018年モデル】【在庫限りのアウトレット価格】,89800,96984
サイクルスポット,2019,ブリヂストン アシスタファインミニ 小径 電動自転車〔A0BC18〕【2019年モデル】,89800,96984
サイクルスポット,2018,ヤマハ PAS ナチュラXL LTD〔PA26DGLC8J〕電動自転車【2018年モデル】アウトレット品,89800,96984
サイクルスポット,2018,ビビDX24 〔BE-ELD434〕【2018年モデル】パナソニック 電動自転車【在庫限りのアウトレット価格】,89800,96984
サイクルスポット,2018,ブリヂストンサイクル フロンティア26 ママチャリ電動自転車〔F6AB28〕【2018年モデル】,89800,96984
サイクルスポット,2018,ブリヂストンサイクル アシスタプリマ ママチャリ電動自転車 〔A6PD18〕【2018年モデル】,89800,96984
サイクルベースあさひ,0,    【アウトレットSALE】16 PAS Mina 3人乗り対応 電動自転車 【OLSL1811】,,97979
サイクルスポット,2018,ティモW〔BE-ELWD632〕【2018年モデル】パナソニック 電動自転車 ママチャリ,91000,98280
サイクルベースあさひ,0,    【アウトレットSALE】16 PAS ラフィーニL 電動自転車 【OLSL1811】,,98979
イオンバイク,2018,【お店受取り送料無料】 ヤマハ (YAMAHA) PAS ウィズ With 2018年モデル ダークメタリックブラウン 26型 内装3段変速 電動自転車,92408,99800
イオンバイク,0,【お店受取り送料無料】【トランスモバイリー】折りたたみ電動アシスト自転車 ULTRA LIGHT E-BIKE TRANS MOBILLY ブラック 14型 変速なし【ラクラク】【電動自転車】【イオン】【自転車】,92408,99800
サイクルベースあさひ,2018,    2018 TRANS MOBILLY (トランスモバイリー) 電動アシスト 「AL-FDB140」 折りたたみ自転車,,99800
サイクルベースあさひ,2019,    2019 ビビ・L 「BE-ELL63」26インチ 電動自転車,,99878
サイクルベースあさひ,2019,    2019 ビビ・L20 「BE-ELL03」20インチ 電動自転車,,99878
サイクルベースあさひ,2019,    2019 ビビ・L 「BE-ELL43」24インチ 電動自転車,,99878
サイクルスポット,2018,ベロスター・ミニ  小径電動自転車 ミニベロ〔BE-ELVS07〕【2018年モデル】,92800,100224
サイクルスポット,2018,ベロスター パナソニック クロスバイク 電動自転車〔BE-ELVS77〕【2018年モデル】 E-bike イーバイク,92800,100224
サイクルベースあさひ,2018,    2018 ティモ I 「BE-ELTA63」 26インチ 電動自転車,,100300
サイクルスポット,2017,パナソニックグリッター 電動自転車〔BE-ELGL032〕【2017年モデル】,94000,101520
サイクルベースあさひ,2019,    2019 ビビ・DX 「BE-ELD635」26インチ 電動自転車,,101714
サイクルベースあさひ,2019,    2019 ビビ・DX 「BE-ELD435」24インチ 電動自転車,,101714
イオンバイク,2018,【お店受取り送料無料】 ヤマハ (YAMAHA) PAS ウィズ デラックス With DX 2018年モデル ワインレッド 26型 内装3段変速 電動自転車,94800,102384
イオンバイク,2019,【お店受取り限定】 ヤマハ (YAMAHA) PAS ウィズ With 2019年モデル ピュアシルバー 内装3段変速 26型 PA26W 電動自転車,94800,102384
イオンバイク,2019,【お店受取り限定】 ヤマハ (YAMAHA) PAS ウィズ With 2019年モデル ライムグリーン 内装3段変速 24型 PA24W 電動自転車,94800,102384
サイクルベースあさひ,2018,    2018 PAS ナチュラXL 26インチ あさひ限定 電動自転車,,102980
サイクルベースあさひ,2016,    【アウトレットSALE】2016 EZ(イーゼット) [BE-ELZ03] 20インチ 電動自転車 【OLSL1811】,,102980
サイクルスポット,2018,ブリヂストンサイクル フロンティア24 ママチャリ電動自転車〔F4AB28〕【2018年モデル】,95800,103464
サイクルベースあさひ,2018,    2018 PAS Ami(パスアミ)「PA26A」 26インチ 電動自転車,,103796
イオンバイク,2019,【お店受取り限定】 ヤマハ (YAMAHA) PAS ウィズ デラックス With DX 2019年モデル ピュアホワイト 内装3段変速 26型 PA26WDX 電動自転車,96800,104544
イオンバイク,2019,【お店受取り限定】 ヤマハ (YAMAHA) PAS ウィズ デラックス With DX 2019年モデル パウダーブルー2 内装3段変速 24型 PA24WDX 電動自転車,96800,104544
サイクルスポット,2017,パナソニックティモF(BE-ELTF63)電動自転車【2017年モデル】アウトレット品,96800,104544
サイクルベースあさひ,0,    フロンティアDA-I 26インチ 電動自転車 リミテッド,,104980
イオンバイク,2018,【お店受取り送料無料】 ヤマハ (YAMAHA) PAS SION U パス シオンユー 2018年モデル PA26SU レッド 26型 内装3段変速 電動自転車,98000,105840
イオンバイク,2018,【お店受取り送料無料】 ヤマハ (YAMAHA) PAS SION U パス シオンユー 2018年モデル PA24SU アースブルー 24型 内装3段変速 電動自転車,98000,105840
イオンバイク,2018,【お店受取り送料無料】 ヤマハ (YAMAHA) PAS SION U パス シオンユー 2018年モデル PA20SU レッド 20型 内装3段変速 電動自転車,98000,105840
サイクルベースあさひ,0,    【アウトレットSALE】16 アルベルトe 「AES726」 電動自転車 【OLSL1811】,,105980
サイクルベースあさひ,0,    【アウトレットSALE】16 PAS キッス ミニ 3人乗り対応 電動自転車 【OLSL1811】,,106980
サイクルベースあさひ,2018,    2018 PAS CITY-SP5(パスシティエスピーファイブ)「PA27CSP5」 27インチ,,107218
サイクルベースあさひ,2017,    2017 Jコンセプト 「BE-JELJ01」 20インチ 電動自転車,,107399
イオンバイク,2019,【お店受取り送料無料】 パナソニック (Panasonic) ビビ・DX 2019年モデル オフホワイト 内装3段変速 24型 BE-ELD435F2 電動自転車,99800,107784
イオンバイク,2019,【お店受取り送料無料】 パナソニック (Panasonic) ビビ・DX 2019年モデル ビターブラウン 内装3段変速 26型 BE-ELD635T2 電動自転車,99800,107784
イオンバイク,2019,【予約 1月出荷予定】【2/28まであんしん補償付】【お店受取り限定】 ヤマハ (YAMAHA) 26インチ PAS アミ Ami 2019年モデル PA26A アースブルー 内装3段変速 26型 電動自転車,99800,107784
サイクルスポット,2019,ヤマハ PAS With24 ママチャリ電動自転車〔PA24BGWL9J〕【2019年モデル】,99800,107784
サイクルスポット,2019,ヤマハ PAS With26 ママチャリ電動自転車〔PA26BGWL9J〕【2019年モデル】,99800,107784
サイクルスポット,2019,パナソニック ビビDX 2019 24インチ 〔BE-ELD435〕 【16Ah】 ママチャリ 電動アシスト自転車 【2019年モデル】,99800,107784
サイクルスポット,2019,ビビDX 2019 26インチ パナソニック 〔BE-ELD635〕【16Ah】 ママチャリ 電動アシスト自転車 【2019年モデル】,99800,107784
サイクルスポット,0,TRANS MOBILLY 折りたたみ電動自転車 [AL-FDB140E] E-bike イーバイク,99800,107784
サイクルスポット,2018,ヤマハ PAS CITY-C〔PA20DGC8J〕電動自転車【2018年モデル】,99800,107784
サイクルスポット,2018,ティモI〔BE-ELTA63〕【2018年モデル】パナソニック 電動自転車 ママチャリ,99800,107784
サイクルスポット,2017,パナソニックJコンセプト(BE-JELJ01)電動自転車パナソニック【2017年モデル】アウトレット品,99800,107784
サイクルベースあさひ,2018,    2018 STEPCRUZe(ステップクルーズe) 「ST6B48」 26インチ 電動自転車,,107827
サイクルベースあさひ,2018,    2018 PAS CITY-C(パスシティシー)「PA20CC」 20インチ 電動自転車,,107980
イオンバイク,2018,【お店受取り送料無料】【ヤマハ】PAS アミ Ami 2018年モデル Aレッド 26型 内装3段変速【ラクラク】【電動自転車】【イオン】【自転車】,100800,108864
サイクルベースあさひ,0,    【アウトレットSALE】16 ハリヤ「ELH42」 電動自転車 【OLSL1811】,,108979
サイクルベースあさひ,2018,    2018 グリッター「ELGL033」20インチ 電動自転車,,108980
サイクルベースあさひ,2018,    2018 FRONTIA DX (フロンティアデラックス) 「F6DB38」 26インチ 電動自転車,,108980
サイクルベースあさひ,2019,    2019 フロンティア 「F6AB29」 26インチ 電動自転車,,109354
サイクルベースあさひ,2019,    2019 フロンティア 「F4AB29」 24インチ 電動自転車,,109354
サイクルベースあさひ,2018,    2018 アシスタDX 「A4DC38」 24インチ 電動自転車,,109397
イオンバイク,2018,【お店受取り送料無料】【ヤマハ】PAS CITY-C シティC 2018年モデル PA20CC マットオリーブ 20型 内装3段変速【ラクラク】【電動自転車】【イオン】【自転車】,101800,109944
サイクルベースあさひ,0,    【アウトレットSALE】16 PASナチュラXLスーパー「PA26NXLSP」 26型 電動自転車【OLSL1811】,,109979
サイクルスポット,2018,パナソニック Jコンセプト〔BE-JELJ01A〕電動自転車【2018年モデル】【WEB限定価格】,102000,110160
サイクルベースあさひ,2019,    2019 ビビ・DX 26インチ あさひ限定 電動自転車,,110980
サイクルスポット,2019,ビビL 20インチ〔BE-ELL03〕 2019 パナソニック 小径 電動自転車【2019年モデル】(ビビLS),102800,111024
サイクルスポット,2019,ビビL 24インチ〔BE-ELL43〕 2019 パナソニック ママチャリ 電動自転車【12.0Ah】【2019年モデル】(ビビLU24),102800,111024
サイクルスポット,2019,ビビL 26インチ〔BE-ELL63〕 2019 パナソニック ママチャリ 電動自転車【12.0Ah】【2019年モデル】(ビビLU26),102800,111024
サイクルスポット,0,アシスタユニ24電動アシスト自転車,103360,111628
サイクルベースあさひ,2018,    2018 アシスタDX 「A6DC38」 26インチ 電動自転車,,111798
サイクルスポット,2018,ヤマハ PAS CITY-S5〔PA27EGCS8J〕電動自転車【2018年モデル】,103550,111834
サイクルベースあさひ,2018,    2018 PAS CITY-X(パスシティエックス)「PA20CX」20インチ 電動自転車,,111980
サイクルベースあさひ,2018,    2018 PAS Mina(パスミナ)「PA26M」 26インチ 電動自転車,,111994
サイクルスポット,2018,パナソニック グリッター〔BE-ELGL033〕電動自転車【2018年モデル】,104500,112860
イオンバイク,2019,【予約 1月出荷予定】【2/28まであんしん補償付】【お店受取り限定】 ヤマハ (YAMAHA) 27インチ PAS シティ エスピー ファイブ CITY-SP5 2019年モデル PA27CSP5 ミラーシルバー 内装3段変速 27型 電動自転車,104800,113184
イオンバイク,2019,【予約 1月出荷予定】【2/28まであんしん補償付】【お店受取り限定】 パナソニック (Panasonic) 26インチ ティモ L Timo 2019年モデル オフホワイト 3段変速 26型 BE-ELSL63F 電動自転車,104800,113184
サイクルスポット,2019,ヤマハ PAS CITY-C〔PA20EGC9J〕 小径電動自転車【2019年モデル】,104800,113184
サイクルベースあさひ,2018,    2018 PAS CITY-V(パスシティヴイ)「PA24CV」24インチ 5段変速 電動自転車,,113699
サイクルスポット,2019,ヤマハ PAS CITY-S5 ママチャリ電動自転車〔PA27GGCS9J〕【2019年モデル】,105500,113940
イオンバイク,2018,【お店受取り送料無料】【ヤマハ】PAS CITY-SP5 (パス シティ エスピー ファイブ) 2018年モデル PA27CSP5 ディープブラック 27型 内装5段変速【電動自転車】【イオン】,105800,114264
イオンバイク,2018,【お店受取り送料無料】【ヤマハ】PAS CITY-X シティX 2018年モデル PA20CX メタル 20型 内装3段変速【ラクラク】【電動自転車】【イオン】【自転車】,105800,114264
イオンバイク,2019,【お店受取り送料無料】 パナソニック (Panasonic) ビビ・L 2019年モデル ラセットオレンジ 内装3段変速 24型 BE-ELL43K 電動自転車,105800,114264
イオンバイク,2019,【お店受取り送料無料】 パナソニック (Panasonic) ビビ・L 2019年モデル ターコイズブルー 内装3段変速 26型 BE-ELL63V 電動自転車,105800,114264
イオンバイク,2019,【お店受取り送料無料】 パナソニック (Panasonic) ビビ・L20 2019年モデル ラセットオレンジ 内装3段変速 20型 BE-ELL03K 電動自転車,105800,114264
サイクルスポット,2018,ブリヂストンサイクル ステップクルーズe ママチャリ電動自転車〔ST6B48〕【2018年モデル】,105800,114264
サイクルスポット,2018,ブリヂストンサイクル フロンティアDX24 電動自転車〔F4DB38〕【2018年モデル】【在庫限りのアウトレット価格】,105800,114264
サイクルスポット,2018,ブリヂストンサイクル フロンティアDX26 電動自転車〔F6DB38〕【2018年モデル】【在庫限りのアウトレット価格】,105800,114264
サイクルベースあさひ,2019,    2019 FRONTIA DX(フロンティアデラックス)「F6DB49」 26インチ 電動自転車,,114566
サイクルベースあさひ,2019,    2019 FRONTIA DX(フロンティアデラックス)「F4DB49」 24インチ 電動自転車,,114566
サイクルベースあさひ,0,    フロンティア EA24-J 24インチ B400 電動自転車 リミテッド,,114980
サイクルベースあさひ,2018,    2018 Jコンセプト「JELJ01A」20インチ 電動自転車,,114980
イオンバイク,0,【お店受取り送料無料】 パナソニック (Panasonic) グリッター ココモミルク 内装3段変速 20型 BE-ELGL033F 電動自転車,106800,115344
イオンバイク,0,【お店受取り送料無料】 パナソニック (Panasonic) Jコンセプト レッドリーブス 変速なし 20型 BE-JELJ01AR 電動自転車,106800,115344
サイクルベースあさひ,2019,    2019 フロンティアラクット20 「FK0B49」20インチ 電動自転車,,115554
サイクルベースあさひ,2019,    2019 フロンティアラクット24 「FK4B49」24インチ 電動自転車,,115554
サイクルスポット,2018,ヤマハ PAS CITY-X〔PA20DGX8J〕電動自転車【2018年モデル】,107350,115938
サイクルベースあさひ,2018,    2018 PAS SION-U (パスシオンユー) 「PA20SU」 20インチ 電動自転車,,115980
サイクルベースあさひ,2018,    2018 アシスタユニ 「A2UC38」 20インチ 電動自転車,,115980
サイクルベースあさひ,2018,    2018 PAS SION-U (パスシオンユー) 「PA24SU」 24インチ 電動自転車,,115980
サイクルベースあさひ,2018,    2018 PAS SION-U (パスシオンユー) 「PA26SU」 26インチ 電動自転車,,115980
サイクルベースあさひ,2018,    2018 cajunae(カジュナe ベーシックライン) 「CB6B48」 26インチ 電動自転車,,115996
サイクルベースあさひ,2018,    2018 cajunae(カジュナe スイートライン) 「CS6B48」 26インチ 電動自転車,,115996
サイクルベースあさひ,2018,    2018 PAS Babby un (パスバビーアン) あさひ限定 20インチ 電動自転車,,116000
サイクルスポット,2018,ヤマハ PAS Ami(パスアミ)〔PA26DGA8J〕電動自転車【2018年モデル】26インチ,108300,116964
サイクルベースあさひ,2018,    2018 アシスタユニ 「A4UC38」 24インチ 電動自転車,,116980
サイクルスポット,2019,ヤマハ PAS CITY-X〔PA20EGX9J〕 小径電動自転車【2019年モデル】,108800,117504
サイクルスポット,2019,アシスタDX 24インチ〔A4DC39〕 Assista DX 【2019年モデル】ブリヂストン ママチャリ電動自転車,109060,117784
サイクルスポット,2019,アシスタDX 2019 26インチ〔A6DC39〕Assista DX ブリヂストン ママチャリ 電動自転車,109060,117784
サイクルスポット,2019,フロンティア 24インチ 2019年〔F4AB29〕ブリヂストン ママチャリ電動自転車,109060,117784
サイクルスポット,2019,フロンティア 26インチ 2019年〔F6AB29〕ブリヂストン ママチャリ 電動自転車,109060,117784
サイクルベースあさひ,2018,    2018 FRONTIA (フロンティア) 「F4AB28」 24インチ 電動自転車,,117980
サイクルベースあさひ,2018,    2018 PAS Babby un (パスバビーアン) 「PA20BXL」 20インチ 電動自転車 チャイルドシートなしモデル,,118000
サイクルスポット,2019,ヤマハ PAS With DX24 ママチャリ電動自転車〔PA24BGWD9J〕【2019年モデル】,109300,118044
サイクルスポット,2019,ヤマハ PAS With DX26 ママチャリ電動自転車〔PA26BGWD9J〕【2019年モデル】,109300,118044
イオンバイク,0,【お店受取り送料無料】 ヤマハ (YAMAHA) PAS CITY-V  パス シティ ヴイ ミラーシルバー 内装5段変速 24型 PA24CV 電動自転車,109800,118584
サイクルスポット,2018,【クリスマスクーポン対象】ヤマハ PAS Babby un〔PA20CGXB8J〕パスバビーアン[PA20BXLR]子供乗せ電動自転車【2018年モデル】,109800,118584
サイクルスポット,2019,ヤマハ PAS Ami ママチャリ電動自転車〔PA26EGA9J〕【2019年モデル】,109800,118584
サイクルスポット,2018,PAS CITY-V 電動自転車〔PA24AGCV8J〕【2018年モデル】,109800,118584
サイクルスポット,0,PAS Mina with RCS 電動自転車〔PA26CGM7J_RCS〕※後ろチャイルドシート付きモデル,109800,118584
サイクルスポット,2018,ブリヂストンサイクル カジュナe(ベーシック) ママチャリ電動自転車〔CB6B48〕【2018年モデル】,109800,118584
サイクルスポット,2018,ブリヂストンサイクル カジュナe(スイート) ママチャリ電動自転車〔CS6B48〕【2018年モデル】,109800,118584
サイクルベースあさひ,2018,    2018 RealStreamMini (リアルストリームミニ) 「RS2C38」 20インチ 電動自転車,,118980
サイクルベースあさひ,2019,    2019 PAS Fiona K (パスフィオナ) 26インチ 電動自転車 限定モデル,,118980
サイクルスポット,2018,ヤマハ PAS CITY-SP5〔PA27AGCP8J〕電動自転車【2018年モデル】,110200,119016
サイクルベースあさひ,2019,    2019 STEPCRUZe(ステップクルーズe) 「ST6B49」 26インチ 電動自転車,,119156
サイクルスポット,2019,パナソニック ティモL 2019 [BE-ELSL63] ママチャリ 電動自転車 【2019年モデル】【16.0Ah】【26インチ】,110900,119772
サイクルスポット,2019,パナソニック ティモI 2019 [BE-ELTA632] ママチャリ 電動自転車 【16.0Ah】【26インチ】,110900,119772
サイクルスポット,2018,パナソニック イーゼット〔BE-ELZ032A〕小径電動自転車【2018年モデル】,111150,120042
サイクルベースあさひ,2018,    2018 ギュット ステージ 22 「BE-ELMU232」 22インチ 3人乗り対応 電動自転車,,120409
サイクルスポット,2018,ギュットステージ〔BE-ELMU232〕【2018年モデル】パナソニック 電動自転車 ママチャリ【WEB限定価格】,111500,120420
サイクルスポット,2019,ヤマハ PAS CITY-SP5 ママチャリ電動自転車〔PA27BGCP9J〕【2019年モデル】,112000,120960
サイクルベースあさひ,2018,    2018 アシスタユニプレミア 「A2PC38」 20インチ 電動自転車,,120980
サイクルベースあさひ,2018,    2018 bikkeMOBdd(ビッケモブdd) 「BM0B48」 20インチ 3人乗り対応GW1805,,120999
サイクルベースあさひ,2018,    2018 bikke GRI dd(ビッケグリdd) 「BG0B48」 20インチ,,120999
サイクルスポット,2019,パナソニック ティモDX 2019 [BE-ELDT755] ママチャリ 電動自転車 【2019年モデル】【16.0Ah】【27インチ】,112800,121824
サイクルスポット,2019,パナソニック ティモS 2019 [BE-ELST634] ママチャリ 電動自転車 【16.0Ah】【26インチ】,112800,121824
サイクルスポット,2019,ブリヂストン フロンティア ラクット24 ママチャリ 電動自転車〔FK4B49〕【2019年モデル】,112860,121888
サイクルベースあさひ,2018,    2018 アシスタユニプレミア 「A4PC38」 24インチ 電動自転車,,121980
イオンバイク,0,【お店受取り送料無料】 パナソニック (Panasonic) イーゼット EZ マットナイト 内装3段変速 20型 BE-ELZ032AB 電動自転車,113800,122904
サイクルベースあさひ,2019,    2019 カジュナe スイートライン 「CS6B49」 26インチ 電動自転車,,123642
サイクルベースあさひ,2019,    2019 カジュナe ベーシックライン 「CB6B49」 26インチ 電動自転車,,123642
サイクルベースあさひ,2019,    2019 ギュット・アニーズ・SX 「BE-ELAS03」20インチ 3人乗り対応 電動自転車,,123746
サイクルベースあさひ,0,    【アウトレットSALE】16 HYDEE.2(HY626C) 3人乗り対応 電動自転車 【OLSL1811】,,123979
サイクルベースあさひ,2018,    2018 FRONTIA DX (フロンティアデラックス) 「F4DB38」 24インチ 電動自転車,,123980
イオンバイク,2019,【予約 2月出荷予定】【2/28まであんしん補償付】【お店受取り限定】 ブリヂストン (BRIDGESTONE) 26インチ ステップクルーズe STEP CRUZ e 2019年モデル ST6B49 T.Xクロツヤケシ 3段変速 26型 3P90UA0 電動自転車,114800,123984
サイクルベースあさひ,2018,    2018 bikke MOBe(ビッケモブe) 「BM0C38」 20インチ 3人乗り対応 電動自転車,,124103
サイクルベースあさひ,2018,    2018 イーゼット 「ELZ032A」 20インチ 電動自転車,,124980
サイクルベースあさひ,2019,    2019 ティモ DX 「BE-ELDT755」 27インチ 5段変速 電動自転車,,124980
サイクルベースあさひ,2019,    2019 ティモ S 「BE-ELST634」 26インチ 電動自転車,,124980
サイクルベースあさひ,0,    bikke MOB dd (ビッケモブdd) リミテッド-J 24/20インチ 3人乗り対応 電動自転車,,124999
イオンバイク,2018,【お店受取り送料無料】【ヤマハ】PAS Mina 2018年モデル シルキーブラック 26型 内装3段変速【ラクラク】【電動自転車】【イオン】【自転車】,115800,125064
サイクルスポット,2018,ルイガノ 2018 LGS-EA20電動自転車 ミニベロ【店頭受取限定】【在庫限りアウトレット価格】,115800,125064
サイクルスポット,2018,ビッケポーラーe bikke POLAR e ブリヂストン 子供乗せ電動自転車〔BP0D38〕【2018年モデル】,115800,125064
サイクルベースあさひ,2019,    2019 ティモ L 「BE-ELSL63」 26インチ 電動自転車,,125980
サイクルベースあさひ,2019,    2019 ティモ I 「BE-ELTA632」 26インチ 電動自転車,,125980
サイクルベースあさひ,2019,    2019 ビビ・EX 「BE-ELE635」26インチ 電動自転車,,126500
サイクルベースあさひ,2019,    2019 ビビ・EX 「BE-ELE435」24インチ 電動自転車,,126500
サイクルスポット,2019,ヤマハ PAS Mina ママチャリ電動自転車〔PA26EGM9J〕【2019年モデル】,117800,127224
サイクルベースあさひ,2018,    2018 PAS With SP(パスウィズスーパー)「PA26WSP」 26インチ 電動自転車,,127586
サイクルベースあさひ,2018,    2018 オフタイム 「ELW072A」 18/20インチ 外装7段変速 折りたたみ 電動自転車,,127980
サイクルスポット,2019,フロンティアDX 24インチ 2019年〔F4DB49〕ブリヂストン ママチャリ 電動自転車,118560,128044
サイクルスポット,2019,フロンティアDX 26インチ 2019年〔F6DB49〕ブリヂストン ママチャリ 電動自転車,118560,128044
サイクルスポット,2018,ブリヂストンサイクル フロンティアロイヤル24 ママチャリ電動自転車〔F4RB48〕【2018年モデル】,118560,128044
サイクルスポット,2018,ブリヂストンサイクル フロンティアロイヤル26 ママチャリ電動自転車〔F6RB48〕【2018年モデル】,118560,128044
サイクルスポット,2019,ヤマハ パスバビ―アン 2019 YAMAHA PAS Babby un 子供乗せ電動自転車 リヤチャイルドシート別売り〔PA20DGB9J〕【2019年モデル】,118700,128196
サイクルベースあさひ,2019,    2019 ギュット・アニーズ・DX 「BE-ELAD03」20インチ 3人乗り対応 電動自転車,,128336
サイクルベースあさひ,2019,    2019 ギュット・アニーズ・DX・26 「BE-ELAD63」26インチ 3人乗り対応 電動自転車,,128336
サイクルベースあさひ,2018,    2018 アルベルトe B400 S型 「AS7B48」 27インチ 内装5段変速 電動自転車,,128456
サイクルベースあさひ,2018,    2018 アルベルトe B400 L型 「AL7B48」 27インチ 内装5段変速 電動自転車,,128456
サイクルスポット,2018,ビビKD26〔BE-ELKD63〕【2018年モデル】パナソニック 電動自転車 ママチャリ【WEB限定価格】,120000,129600
サイクルベースあさひ,2018,    2018 PAS With SP(パスウィズスーパー)「PA24WSP」 24インチ 電動自転車,,129797
サイクルベースあさひ,2017,    2017 BP02「BE-ELZC63」26インチ 電動自転車,,129799
サイクルベースあさひ,2018,    2018 PAS VIENTA5 (パスヴィエンタ5) 「PA26V」 26インチ 内装5段変速 電動自転車,,129980
サイクルベースあさひ,0,    LGS-EA20-I 20インチ 電動自転車,,129980
サイクルベースあさひ,0,    bikke MOB dd (ビッケモブdd)-J リミテッドカラー 24/20インチ 3人乗り対応 電動自転車,,129999
サイクルスポット,2018,パナソニック オフタイム〔BE-ELW072A〕小径電動自転車【2018年モデル】,120650,130302
サイクルベースあさひ,2018,    2018 ビビ KD 「BE-ELKD63」 26インチ 電動自転車,,130349
サイクルベースあさひ,2019,    2019 アルベルトe L型 「AL6B49」 26インチ 電動自転車,,131263
イオンバイク,2018,【お店受取り送料無料】【ヤマハ】PAS VIENTA 5 パス ヴィエンタ ファイブ 2018年モデル PA26V エスニックブルー 26型 内装5段変速【電動自転車】【イオン】,121800,131544
サイクルスポット,2018,ルイガノ 2018 LGS-EA26電動自転車【店頭受取限定】【在庫限りアウトレット価格】,121800,131544
サイクルスポット,2018,【クリスマスクーポン対象】ギュットミニ DX〔BE-ELMD034〕【2018年モデル】パナソニック 子供乗せ電動自転車【当ストア限定価格】,122500,132300
サイクルスポット,2018,ギュットアニーズ DX〔BE-ELA03〕【2018年モデル】パナソニック 子供乗せ電動自転車【WEB限定価格】,122500,132300
サイクルスポット,2018,ギュットアニーズF DX〔BE-ELA63〕【2018年モデル】パナソニック 子供乗せ電動自転車【WEB限定価格】,122500,132300
サイクルスポット,2018,パナソニック ハリヤ〔BE-ELH242B〕電動自転車【2018年モデル】,122550,132354
イオンバイク,0,【お店受取り送料無料】 パナソニック (Panasonic) オフタイム マットナイト&#215;ブラック 外装7段変速 18/20型 BE-ELW072AB2 電動自転車,122800,132624
サイクルベースあさひ,2019,    2019 アルベルトe L型 「AL7B49」 27インチ 5段変速 電動自転車,,133168
サイクルベースあさひ,2019,    2019 アルベルトe S型 「AS7B49」 27インチ 5段変速 電動自転車,,133168
サイクルベースあさひ,2017,    2017 ギュットミニDX あさひ限定リミテッド「BE-ELMD033」 20インチ 3人乗り対応 電動自転車,,133980
サイクルベースあさひ,2018,    2018 FRONTIA (フロンティアロイヤル) 「F6RB48」 26インチ 電動自転車,,133980
サイクルベースあさひ,2018,    2018 FRONTIA (フロンティアロイヤル) 「F4RB48」 24インチ 電動自転車,,133980
イオンバイク,0,【お店受取り送料無料】 パナソニック (Panasonic) ハリヤ マットナイト 外装7段変速 26型 BE-ELH242BB 電動自転車,124800,134784
サイクルスポット,2018,ブリヂストン ビッケモブdd bikke MOB dd 子供乗せ電動自転車〔BM0B48〕【2018年モデル】,124800,134784
サイクルベースあさひ,2018,    2018 ハリヤ 「ELH242B」 26インチ 電動自転車,,134980
サイクルベースあさひ,0,    LGS-EA26-I 26インチ 電動自転車,,134980
サイクルベースあさひ,2017,    2017 PAS ナチュラスーパー「PA26NSP」26インチ 電動自転車,,134998
サイクルスポット,0,LOUIS GARNEAUルイガノ電動自転車17 LGS-EA26【店頭受取限定】,125000,135000
サイクルベースあさひ,2018,    2018 ビビ KD 「BE-ELKD43」 24インチ 電動自転車,,136123
サイクルベースあさひ,2019,    2019 bikke MOB dd(ビッケモブdd) 「BM0B49」 20インチ 3人乗り対応 電動自転車,,136598
イオンバイク,0,【お店受取り送料無料】 パナソニック (Panasonic) BP02 ショアブルー 内装3段変速 26型 BE-ELZC63AV 電動自転車,126800,136944
サイクルベースあさひ,2019,    2019 bikke POLAR e(ビッケポーラーe) 「BR0C49」 20インチ 3人乗り対応 電動自転車,,136978
サイクルスポット,2019,ヤマハ パスバビ―アン 2019 YAMAHA PAS Babby un 子供乗せ電動自転車 【12.3Ah】〔PA20DGSB9J〕【2019年モデル】リヤチャイルドシート標準装備 ,127300,137484
サイクルベースあさひ,2018,    2018 BP02「ELZC63A」26インチ 電動自転車,,137980
サイクルスポット,2019,ギュットアニーズSX 2019 パナソニック 子供乗せ 電動自転車〔BE-ELAS03〕【12.0Ah】【2019年モデル】,128800,139104
サイクルベースあさひ,0,    ASCENT mini(アセントミニ)18インチ 電動自転車,,139320
サイクルスポット,2019,ルイガノ ASCENT mini 2019 アセントミニ 小径 電動自転車【店頭受取限定】ミニベロ,129000,139320
サイクルスポット,2019,ヤマハ パスバビ―アン 2019 YAMAHA PAS Babby un SP 子供乗せ電動自転車 【15.4Ah】〔PA20DGSB9J〕【2019年モデル】リヤチャイルドシート標準装備 ,129800,140184
サイクルスポット,2019,ビッケポーラーe 2019 〔BP0C49〕 bikke POLAR e ブリヂストン 子供乗せ電動自転車 【2019年早期モデル】※フロントチャイルドシートクッション別売り,129800,140184
サイクルベースあさひ,2018,    2018 HYDEE II(ハイディーツー) 「HY6C38」 26インチ 電動自転車,,140843
サイクルスポット,2019,パナソニック ビビEX24 ママチャリ 電動自転車〔BE-ELE435〕【2019年モデル】,130900,141372
サイクルスポット,2019,パナソニック ビビEX26 ママチャリ 電動自転車〔BE-ELE635〕【2019年モデル】,130900,141372
サイクルスポット,2018,パナソニック BP02〔BE-ELZC63A〕電動自転車【2018年モデル】,131000,141480
サイクルベースあさひ,2019,    2019 bikke GRI dd(ビッケグリdd) 「BG0B49」 20インチ 3人乗り対応 電動自転車,,141741
イオンバイク,2018,【お店受取り送料無料】【ヤマハ】PAS ウィズ スーパー With SP 2018年モデル ブロンズメタリック 26型 内装3段変速【ラクラク】【電動自転車】【イオン】【自転車】,131800,142344
イオンバイク,2019,【お店受取り送料無料】 パナソニック (Panasonic) ビビ・EX 2019年モデル ミスティグリーン 内装3段変速 24型 BE-ELE435G 電動自転車,131800,142344
イオンバイク,2019,【お店受取り送料無料】 パナソニック (Panasonic) ビビ・EX 2019年モデル STチタンシルバー 内装3段変速 26型 BE-ELE635T 電動自転車,131800,142344
イオンバイク,2019,【お店受取り限定】 ヤマハ (YAMAHA) PAS ウィズ スーパー With SP 2019年モデル ダークメタリックレッド 内装3段変速 26型 PA26WSP 電動自転車,131800,142344
イオンバイク,2019,【お店受取り限定】 ヤマハ (YAMAHA) PAS ウィズ スーパー With SP 2019年モデル グレーメタリック 内装3段変速 24型 PA24WSP 電動自転車,131800,142344
サイクルスポット,2018,ビッケグリdd bikke GRI dd ブリヂストン 子供乗せ電動自転車〔BG0B48〕【2018年モデル】,131860,142408
サイクルスポット,2019,ヤマハ PAS With SP26 ママチャリ電動自転車〔PA26BGWP9J〕【2019年モデル】,132000,142560
サイクルスポット,2019,ヤマハ PAS With SP24 ママチャリ電動自転車〔PA24BGWP9J〕【2019年モデル】,132000,142560
サイクルスポット,2018,ヤマハ PAS With SP26〔PA26AGWP8J〕ママチャリ電動自転車(パスウィズSP26インチ)【2018年モデル】,132050,142614
サイクルスポット,2019,【クリスマスクーポン対象】ギュットアニーズDX 2019 パナソニック 子供乗せ 電動自転車〔BE-ELAD03〕【16.0Ah】【2019年モデル】,132800,143424
サイクルスポット,2019,ギュットアニーズDX26 パナソニック 2019 子供乗せ 電動自転車〔BE-ELAD63〕【16.0Ah】【2019年モデル】,132800,143424
サイクルスポット,2019,ヤマハ パスキスミニアン 2019 YAMAHA PAS Kiss mini un 子供乗せ電動自転車【12.3Ah】〔PA20DGXK9J〕〈PA20KXL〉【2019年モデル】,133000,143640
サイクルスポット,2018,ブリヂストンサイクル アルベルトe B400 275L ママチャリ電動自転車〔AL7B48〕【2018年モデル】,134800,145584
サイクルスポット,2018,ブリヂストンサイクル アルベルトe B400 275S ママチャリ電動自転車〔AS7B48〕【2018年モデル】,134800,145584
サイクルベースあさひ,0,    ASCENT city(アセントシティ)26インチ 電動自転車,,145800
サイクルスポット,2018,EF-1 Pro QICYCLE ミニベロ 折りたたみ イーバイク e-bike 電動自転車【2018年モデル】【店頭受取限定】,135000,145800
サイクルスポット,2019,ルイガノ 電動自転車 ASCENT city 2019 アセントシティ ママチャリ【店頭受取限定】,135000,145800
サイクルベースあさひ,0,    EF-1 Pro 16インチ 電動自転車 折りたたみ自転車,,145980
サイクルベースあさひ,2019,    2019 ギュット・アニーズ・DX 20インチ あさひ限定 3人乗り対応 電動自転車,,146980
サイクルベースあさひ,2019,    2019 HYDEE2 「HY6B49」 26インチ 3人乗り対応 電動自転車,,147456
サイクルスポット,2019,ビッケポーラーe 2019 bikke POLAR e〔BR0C49〕ブリヂストン 子供乗せ電動自転車 ※フロントチャイルドシートクッション標準装備,136610,147538
サイクルスポット,2019,ヤマハ パスキスミニアンSP 2019 YAMAHA PAS Kiss mini un SP 子供乗せ電動自転車【15.4Ah】〔PA20DGSK9J〕〈PA20KSP〉【2019年モデル】,136800,147744
サイクルスポット,0,TSINOVA チノバ ALIAS 電動自転車 ミニベロ E-bike イーバイク,136800,147744
サイクルスポット,0,TSINOVA チノバ TS01 電動自転車 小径電動自転車 E-bike イーバイク,136800,147744
サイクルスポット,2018,ギュットアニーズ KD〔BE-ELMK03〕【2018年モデル】パナソニック 子供乗せ電動自転車【WEB限定価格】,139000,150120
サイクルスポット,2019, ギュットクルームDX 2019 パナソニック 〔BE-ELFD03〕 子供乗せ 電動自転車【2019年モデル】【16.0Ah】【20インチ】,139800,150984
サイクルスポット,2019,ビッケグリdd 2019 bikke GRI dd〔BG0B49〕ブリヂストン 子供乗せ電動自転車,139800,150984
サイクルスポット,2019,ビッケモブdd 2019 bikke MOB dd〔BM0B49〕ブリヂストン 子供乗せ電動自転車,139800,150984
サイクルベースあさひ,2018,    2018 ジェッター 「ELHC49A」 700x38C サイズ:490mm 電動自転車,,151980
サイクルベースあさひ,2018,    2018 ジェッター「ELHC44A」 700x38C サイズ:440mm 電動自転車,,151980
サイクルベースあさひ,2019,    2019 HYDEE2 「HC6B49」 26インチ 3人乗り対応 電動自転車 限定モデル,,153381
サイクルスポット,2018,【クリスマスクーポン対象】ギュットミニ KD〔BE-ELM032〕【2018年モデル】パナソニック 電動自転車【WEB限定価格】,142200,153576
サイクルベースあさひ,2019,    2019 ギュット・アニーズ・EX 「BE-ELAE033」20インチ 3人乗り対応 電動自転車,,154353
イオンバイク,0,【お店受取り送料無料】 パナソニック (Panasonic) ジェッター マットチャコールブラック 440mmサイズ 外装8段変速 700C BE-ELHC44AB 電動自転車,145800,157464
イオンバイク,0,【お店受取り送料無料】 パナソニック (Panasonic) ジェッター マットクラウディグレー 490mmサイズ 外装8段変速 700C BE-ELHC49AN 電動自転車,145800,157464
サイクルスポット,2019,ハイディ ツー 2019 HYDEE.2〔HY6B49〕ブリヂストン 子供乗せ電動自転車,147060,158824
サイクルスポット,0,ZERO N2.0 ベネリ BENELLI 折りたたみ 電動自転車 E-bike イーバイク【店頭受取限定商品】,148000,159840
サイクルベースあさひ,2019,    2019 ギュット・クルームDX 「BE-ELFD03」20インチ 3人乗り対応 電動自転車,,159980
サイクルベースあさひ,2017,    2017 PAS GEAR-U(パスギアユー)「PA26GU」 26インチ 電動自転車,,160380
サイクルベースあさひ,2017,    2017 PAS GEAR-U(パスギアユー)「PA24GU」 24インチ 電動自転車,,160380
サイクルベースあさひ,2018,    2018 HYDEE II(ハイディーツー) 「HL6C38」 26インチ 電動自転車 限定モデル,,160980
サイクルスポット,2019,ヤマハ PAS Crew Disney edition 子供乗せ電動自転車〔PA24AGC9J〕【2019年モデル】,149800,161784
サイクルスポット,2019,ギュットアニーズEX 2019 パナソニック 子供乗せ 電動自転車〔BE-ELAE033〕【16.0Ah】【2019年モデル】,149800,161784
サイクルスポット,2019,ハイディ ツー 2019年限定モデル HYDEE.2 〔HC6B49〕ブリヂストン 子供乗せ電動自転車,149910,161902
サイクルベースあさひ,2018,    2018 PAS Brace (パスブレイス) 「PA26B」 26インチ 内装8段変速 電動自転車,,161980
サイクルベースあさひ,0,    ASCENT deluxe(アセントデラックス) 20インチ 電動自転車,,162000
サイクルスポット,2019,ルイガノ 電動自転車  ASCENT DELUXE 2019 アセントデラックス 【子供乗せ対応】【店頭受取限定】,150000,162000
イオンバイク,2018,【お店受取り送料無料】 ヤマハ (YAMAHA) PAS Brace パス ブレイス 2018年モデル PA26B クリスタルホワイト 26型 内装8段変速 電動自転車,151800,163944
サイクルベースあさひ,2018,    2018 RealStream (リアルストリーム) 「RS6C48」 26インチ 内装8段変速 電動自転車,,163980
サイクルスポット,0,BESV/ベスビー CF1 LENA(リーナ) ママチャリ電動自転車 <広尾店・渋谷店・都立大学店・麻布十番店・三田店・四谷店受取限定品>,155556,168000
サイクルスポット,2019,ギュットクルームEX 2019 パナソニック 〔BE-ELFE03〕 子供乗せ 電動自転車【2019年モデル】【16.0Ah】【20インチ】,157500,170100
サイクルスポット,0,BENELLI 折りたたみ電動自転車 [mini Fold16] ベネリ E-BIKE イーバイク ミニベロ電動 【店頭受取限定商品】,158000,170640
サイクルスポット,2019,【予約】PAS Crew Disney edition 〈PA24C〉 ミッキー90周年限定デザインモデル ディズニーエディション 2019年モデル 【受注期間限定販売モデル】電動自転車,159600,172368
サイクルベースあさひ,2017,    2017 アシスタビジネスS型 「B6SC47」 26インチ 電動自転車,,172980
サイクルベースあさひ,2019,    2019 ギュット・クルームEX 「BE-ELFE03」20インチ 3人乗り対応 電動自転車,,177980
サイクルベースあさひ,2017�,    2017パートナー・DX 「BE-ELGD63」 26インチ 電動自転車,,179915
サイクルスポット,2018,ギュットアニーズKE BE-ELKE03 【2018年モデル】 パナソニック 子供乗せ電動自転車【WEB限定価格】,169000,182520
サイクルベースあさひ,2018,    2018 ギュット アニーズ KE 「BE-ELKE03」 20インチ 3人乗り対応 電動自転車,,185758
サイクルベースあさひ,2016,    2016 ビジネスビビ 「BE-ELG43」 24インチ 電動自転車,,187409
サイクルベースあさひ,2016,    2016 ビジネスビビ 「BE-ELG03」 20インチ 電動自転車,,189119
サイクルベースあさひ,2018,    2018 YPJ-R 700C 電動自転車 ロードバイク,,189952
サイクルベースあさひ,2017,    2017 (2016継続) YPJ-C 700C 電動自転車 クロスバイク,,189980
サイクルベースあさひ,2019,    2019 フロンティアラクットワゴン 「FW0B49」16インチ 電動自転車 三輪車,,190317
サイクルベースあさひ,2018,    2018 パートナー・DX 「BE-ELGD63A」 26インチ 電動自転車,,190980
サイクルベースあさひ,2018,    2018 パートナー・U 「BE-ELGU43A」 24インチ 電動自転車,,190980
サイクルスポット,0,【店舗受取限定商品】besv PSA1電動自転車 ベスビー<広尾店・渋谷店・都立大学店・麻布十番店・三田店・四谷店受取限定品>,185000,199800
サイクルスポット,0,besv PSA1 電動自転車 ベスビー<広尾店・渋谷店・都立大学店・麻布十番店・三田店・四谷店受取限定品> E-bike イーバイク,185000,199800
サイクルスポット,0,besv PSA1電動自転車 ベスビー<広尾店・渋谷店・都立大学店・麻布十番店・三田店・四谷店受取限定品> E-bike イーバイク,185000,199800
サイクルスポット,0,besv PSA1 電動自転車 ベスビー<広尾店・渋谷店・都立大学店・麻布十番店・三田店・四谷店受取限定品> E-bike イーバイク,185000,199800
サイクルベースあさひ,2018,    2018 PAS ワゴン 「PT16」 18/16インチ 電動自転車 三輪車,,205980
サイクルベースあさひ,2018,    2018 アシスタワゴン 「AW1C38」 18/16インチ 電動自転車 三輪車,,206980
サイクルベースあさひ,2018,    2018 ビビライフ 「ELR832」 18/16インチ 電動自転車 三輪車,,209980
サイクルスポット,0,ベネリbenelli  TAGETE 27.5 E-bike 電動自転車マウンテンバイク<※100台限定価格※>【店舗受取限定】 E-bike イーバイク,198000,213840
サイクルスポット,2018,ヤマハ YPJ-R〔PW70BGRx8J〕電動自転車【2018年モデル】ロードバイク ワイピージェーアール,218500,235980
サイクルベースあさひ,2018,    2018 XU1 「BE-EXU44」 700C 外装9段変速 電動自転車 クロスバイク,,242980
サイクルスポット,2018,パナソニック XU1〔BE-EXU44〕電動自転車  E-bike イーバイク【2018年モデル】【店舗受取限定】,225000,243000
サイクルスポット,0,ベスビー JF1 電動自転車(広尾店・渋谷店・都立大学店・麻布十番店・三田店・四谷店受取限定品),230000,248400
サイクルベースあさひ,2018,    2018 TAGETE27.5 (タジェーテ) 27.5インチ(650B) 電動自転車 油圧ディスクブレーキ マウンテンバイク,,254980
サイクルスポット,2018,【ヘルメットプレゼント中!】ベネリbenelli TAGETE27.5 2018model 電動自転車 マウンテンバイク【店舗受取限定】E-bike イーバイク,238000,257040
サイクルスポット,2018,YPJ-EC 電動自転車〔PW70AECx8J〕【2018年モデル】【店頭受取限定】,247000,266760
サイクルベースあさひ,2018,    2018 YPJ-EC 電動自転車 クロスバイク 機械式ディスクブレーキ,,275981
サイクルスポット,0,CRUISE(クルーズ) クロスバイク 電動自転車  E-bike イーバイク(シマノSTEPS)【店頭受取限定】,269000,290520
サイクルスポット,0,ベスビー JR1 電動自転車(広尾店・渋谷店・都立大学店・麻布十番店・三田店・四谷店受取限定品),276000,298080
サイクルスポット,0,【予約品】PS1 ADV 電動自転車 ベスビー<等々力店・広尾店・渋谷店・都立大学店・麻布十番店・三田店・四谷店受取限定品>,276000,298080
サイクルスポット,2018,【ヘルメットプレゼント中!】ベネリ benelli NERONE 27.5+ 2018 電動自転車 マウンテンバイク 【店舗受取限定】E-bike イーバイク,278000,300240
サイクルスポット,2018,YPJ-TC 電動自転車〔PW70ATCx8J〕【2018年モデル】【店頭受取限定】,285000,307800
サイクルベースあさひ,2018,    2018 YPJ-TC 油圧式ディスクブレーキ 電動自転車 クロスバイク,,318980
サイクルスポット,2018,コラテック イーパワーシェイプ corratec E-POWER SHAPE 電動自転車 クロスバイク E-BIKE【2018年モデル】 【店頭受取限定】,298000,321840
サイクルスポット,2018,ヤマハ YPJ-ER ロードバイク 電動自転車 イーバイク e-bike 2018年モデル 【店頭受取限定】,304000,328320
サイクルベースあさひ,2018,    2018 YPJ-ER 油圧式ディスクブレーキ 電動自転車 ロードバイク,,340980
サイクルベースあさひ,2018,    2018 XM1 「BE-EXM240」 27.5インチ 外装10段変速 電動自転車 マウンテンバイク,,355980
サイクルベースあさひ,0,    ASCENT e-sports(アセントeスポーツ) 20インチ 電動自転車,,356400
サイクルスポット,2019,ルイガノ ASCENT e-sports 2019 アセントイースポーツ イーバイク E-bike【店頭受取限定】,330000,356400
サイクルスポット,0,【予約品】パナソニック XM1 電動アシストマウンテンバイク BE-EXM40 エックスエムワン E-bike イーバイク,330000,356400
サイクルスポット,2018,YPJ-XC 電動自転車〔PB27AXCx8J〕【2018年モデル】【店頭受取限定】,332500,359100
サイクルベースあさひ,2018,    2018 YPJ-XC 27.5インチ(650B) 油圧ディスクブレーキ 電動自転車 マウンテンバイク,,372980
サイクルスポット,0,RIDGE-RUNNER(リッジランナー) マウンテンバイク 電動自転車 E-bike イーバイク (シマノSTEPS)【店頭受取限定】,369000,398520
サイクルベースあさひ,2018,    2018 XM2 「BE-EWM40」 27.5インチ 20段変速 電動自転車 マウンテンバイク,,409980
サイクルスポット,2018,パナソニック XM2〔BE-EWM40〕電動自転車 E-bike イーバイク【2018年モデル】【店舗受取限定】,380000,410400
サイクルスポット,0,MIZUTANI Seraph セラフ 電動自転車 クロスバイク【店頭受取限定】,380000,410400
サイクルベースあさひ,0,    DAVOS E-600 (ダボスE-600) クロモリフレーム 油圧ディスクブレーキ 電動自転車,,417960
サイクルスポット,0,【予約品】TRS1 電動自転車 ベスビー<広尾店・渋谷店・都立大学店・麻布十番店・三田店・四谷店受取限定品>【お取り寄せ】,462000,498960
