1,BESV,,CF1 LENA,,,,2018,/cf1[\s・]?lena/ius,,24,,マットブラック,155556,36,7,21.5,80,65,50,内装3段,,,,クラス27標準装備,低床,前輪駆動,20181217
2,BESV,,CF1 LENA,,,,2018,/cf1[\s・]?lena/ius,,24,,マットネイビー,155556,36,7,21.5,80,65,50,内装3段,,,,クラス27標準装備,低床,前輪駆動,20181217
3,BESV,,CF1 LENA,,,,2018,/cf1[\s・]?lena/ius,,24,,ホワイト,155556,36,7,21.5,80,65,50,内装3段,,,,クラス27標準装備,低床,前輪駆動,20181217
4,BESV,,CF1 LENA for MAMA,,,,2018,/cf1[\s・]?lena[\s・]?for[\s・]mama/ius,,24,24×2,ホワイト,168000,36,7,21.5,80,65,50,内装3段,142,,,クラス27標準装備,低床,前輪駆動,20181217
5,BESV,,CF1 LENA for MAMA,,,,2018,/cf1[\s・]?lena[\s・]?for[\s・]mama/ius,,24,24×2,マットブラック,168000,36,7,21.5,80,65,50,内装3段,142,,,クラス27標準装備,低床,前輪駆動,20181217
6,BESV,,CF1 LENA for MAMA,,,,2018,/cf1[\s・]?lena[\s・]?for[\s・]mama/ius,,24,24×2,マットネイビー,168000,36,7,21.5,80,65,50,内装3段,142,,,クラス27標準装備,低床,前輪駆動,20181217
7,BESV,,PSA1,,,,2018,/psa1/ius,,20,,ホワイト,185000,36,10.5,19.5,90,,,外装7段,,,,装着可能,,,20181217
8,BESV,,PSA1,,,,2018,/psa1/ius,,20,,レッド,185000,36,10.5,19.5,90,,,外装7段,,,,装着可能,,,20181217
9,BESV,,PSA1,,,,2018,/psa1/ius,,20,,イエロー,185000,36,10.5,19.5,90,,,外装7段,,,,装着可能,,,20181217
10,BESV,,PSA1,,,,2018,/psa1/ius,,20,,マットブラック,185000,36,10.5,19.5,90,,,外装7段,,,,装着可能,,,20181217
11,EISAN,,BENERO20,,,,,/benero[\s・]20/ius,,20,20x1.75,ブラック,,25,6,25,,,20,外装6段,,,765,クラス27標準装備,低床,,20181217
12,EISAN,,BENERO20,,,,,/benero[\s・]20/ius,,20,20x1.75,ホワイト,,25,6,25,,,20,外装6段,,,765,クラス27標準装備,低床,,20181217
13,EISAN,,BENERO203,,,,,/benero[\s・]203/ius,,20,20×2.125,パールホワイト,,25,8.4,23,36,31,23,内装3段,,,765,クラス27標準装備,低床,前輪駆動,20181217
14,EISAN,,BENERO203,,,,,/benero[\s・]203/ius,,20,20×2.125,マットブラック,,25,8.4,23,36,31,23,内装3段,,,765,クラス27標準装備,低床,前輪駆動,20181217
15,EISAN,,BENERO203,,,,,/benero[\s・]203/ius,,20,20×2.125,レッド,,25,8.4,23,36,31,23,内装3段,,,765,クラス27標準装備,低床,前輪駆動,20181217
16,EISAN,,BENERO26,,,,,/benero[\s・]26/ius,,26,26×1-3/8,ホワイト,,25,6,27,,,20,外装6段,143,,795,クラス27標準装備,低床,,20181217
17,EISAN,,BENERO26,,,,,/benero[\s・]26/ius,,26,26×1-3/8,ブルー,,25,6,27,,,20,外装6段,143,,795,クラス27標準装備,低床,,20181217
18,EISAN,,BENERO26,,,,,/benero[\s・]26/ius,,26,26×1-3/8,レッド,,25,6,27,,,20,外装6段,143,,795,クラス27標準装備,低床,,20181217
19,EISAN,,BENERO26,,,,,/benero[\s・]26/ius,,26,26×1-3/8,グリーン,,25,6,27,,,20,外装6段,143,,795,クラス27標準装備,低床,,20181217
20,EISAN,,BENERO26,,,,,/benero[\s・]26/ius,,26,26×1-3/8,ブラック,,25,6,27,,,20,外装6段,143,,795,クラス27標準装備,低床,,20181217
21,LOUIS GARNEAU,ASCENT,ASCENT city,,,,2019,/ascent[\s・]city/ius,,26,26×1.90,LGホワイト,145800,,12.3,22.4,88,,,内装3段,137,,,クラス27取付可,,,20181217
22,LOUIS GARNEAU,ASCENT,ASCENT city,,,,2019,/ascent[\s・]city/ius,,26,26×1.90,マットブラック,145800,,12.3,22.4,88,,,内装3段,137,,,クラス27取付可,,,20181217
23,LOUIS GARNEAU,ASCENT,ASCENT city,,,,2019,/ascent[\s・]city/ius,,26,26×1.90,LGレッド,145800,,12.3,22.4,88,,,内装3段,137,,,クラス27取付可,,,20181217
24,LOUIS GARNEAU,ASCENT,ASCENT city,,,,2019,/ascent[\s・]city/ius,,26,26×1.90,ディープオレンジ,145800,,12.3,22.4,88,,,内装3段,137,,,クラス27取付可,,,20181217
25,LOUIS GARNEAU,ASCENT,ASCENT city,,,,2019,/ascent[\s・]city/ius,,26,26×1.90,オーシャンブルー,145800,,12.3,22.4,88,,,内装3段,137,,,クラス27取付可,,,20181217
26,LOUIS GARNEAU,ASCENT,ASCENT deluxe,,,,2019,/ascent[\s・]deluxe/ius,,20,20×1.95/20×2.125,LGホワイト,162000,,12.3,29.8,61,,,内装3段,135,,,クラス27標準装備,低床,,20181217
27,LOUIS GARNEAU,ASCENT,ASCENT deluxe,,,,2019,/ascent[\s・]deluxe/ius,,20,20×1.95/20×2.125,マットブラック,162000,,12.3,29.8,61,,,内装3段,135,,,クラス27標準装備,低床,,20181217
28,LOUIS GARNEAU,ASCENT,ASCENT deluxe,,,,2019,/ascent[\s・]deluxe/ius,,20,20×1.95/20×2.125,アンティークピンク,162000,,12.3,29.8,61,,,内装3段,135,,,クラス27標準装備,低床,,20181217
29,LOUIS GARNEAU,ASCENT,ASCENT deluxe,,,,2019,/ascent[\s・]deluxe/ius,,20,20×1.95/20×2.125,スモークブルー,162000,,12.3,29.8,61,,,内装3段,135,,,クラス27標準装備,低床,,20181217
30,LOUIS GARNEAU,ASCENT,ASCENT mini,,,,2019,/ascent[\s・]mini/ius,,20/18,20×1.95/18×2.125,LGホワイト,139320,,12.3,24.2,77,,,内装3段,135,,,標準装備,低床,,20181217
31,LOUIS GARNEAU,ASCENT,ASCENT mini,,,,2019,/ascent[\s・]mini/ius,,20/18,20×1.95/18×2.125,マットカーキ,139320,,12.3,24.2,77,,,内装3段,135,,,標準装備,低床,,20181217
32,LOUIS GARNEAU,ASCENT,ASCENT mini,,,,2019,/ascent[\s・]mini/ius,,20/18,20×1.95/18×2.125,ディープオレンジ,139320,,12.3,24.2,77,,,内装3段,135,,,標準装備,低床,,20181217
33,LOUIS GARNEAU,ASCENT,ASCENT mini,,,,2019,/ascent[\s・]mini/ius,,20/18,20×1.95/18×2.125,ライラック,139320,,12.3,24.2,77,,,内装3段,135,,,標準装備,低床,,20181217
34,カイホウ,SUISUI,BM-A30,,,,,/bm-a30/ius,,20,,ブラック,,24,5.8,18.5,30,,,外装６段,,,740,,,,20181217
35,カイホウ,SUISUI,BM-A30,,,,,/bm-a30/ius,,20,,ホワイト,,24,5.8,18.5,30,,,外装６段,,,740,,,,20181217
36,カイホウ,SUISUI,BM-E50,,,,,/bm-e50/ius,,20,,ネイビー,,24,5.8,18.5,30,,,,,,815,,,,20181217
37,カイホウ,SUISUI,BM-P10,,,,,/bm-p10/ius,,26,,ホワイト,,24,5.8,25.4,35,,,内装3段,,,800,クラス27標準装備,低床,前輪駆動,20181217
38,カイホウ,SUISUI,BM-P10,,,,,/bm-p10/ius,,26,,ネイビー,,24,5.8,25.4,35,,,内装3段,,,800,クラス27標準装備,低床,前輪駆動,20181217
39,パナソニック,ギュット,ギュット・アニーズ・KE,,BE-ELKE03,,2018,/ギュット[\s・]?アニーズ[\s・][kＫ][eＥ]/ius,,20,20×2.125HE,マットジェットブラック,198000,25.2,20,35.1,100,76,63,内装3段,142,155,735,クラス27標準装備,低床,,20181217
40,パナソニック,ギュット,ギュット・アニーズ・KE,,BE-ELKE03,,2018,/ギュット[\s・]?アニーズ[\s・][kＫ][eＥ]/ius,,20,20×2.125HE,ホワイトグレー,198000,25.2,20,35.1,100,76,63,内装3段,142,155,735,クラス27標準装備,低床,,20181217
41,パナソニック,ギュット,ギュット・アニーズ・KE,,BE-ELKE03,,2018,/ギュット[\s・]?アニーズ[\s・][kＫ][eＥ]/ius,,20,20×2.125HE,マットオリーブ,198000,25.2,20,35.1,100,76,63,内装3段,142,155,735,クラス27標準装備,低床,,20181217
42,パナソニック,ギュット,ギュット・アニーズ・KE,,BE-ELKE03,,2018,/ギュット[\s・]?アニーズ[\s・][kＫ][eＥ]/ius,,20,20×2.125HE,マットフォースブラウン,198000,25.2,20,35.1,100,76,63,内装3段,142,155,735,クラス27標準装備,低床,,20181217
43,パナソニック,ギュット,ギュット・ステージ・22,,BE-ELMU232,,2018,/ギュット[\s・]?ステージ[\s・]22/ius,,22,22×1-1/2 WO,ホワイトグレー,124000,25.2,12,29.2,70,52,40,内装3段,145,159,740,クラス27標準装備,低床,,20181217
44,パナソニック,ギュット,ギュット・ステージ・22,,BE-ELMU232,,2018,/ギュット[\s・]?ステージ[\s・]22/ius,,22,22×1-1/2 WO,マットカーキグリーン,124000,25.2,12,29.2,70,52,40,内装3段,145,159,740,クラス27標準装備,低床,,20181217
45,パナソニック,ギュット,ギュット・ステージ・22,,BE-ELMU232,,2018,/ギュット[\s・]?ステージ[\s・]22/ius,,22,22×1-1/2 WO,マットブラッドオレンジ,124000,25.2,12,29.2,70,52,40,内装3段,145,159,740,クラス27標準装備,低床,,20181217
46,パナソニック,ギュット,ギュット・ミニ・DX,,BE-ELMD034,,2018,/ギュット[\s・]?ミニ[\s・]?[dＤ][xＸ]/ius,,20,20×2.0HE,マットブラック,142000,25.2,16,33.3,80,60,50,内装3段,141,154,725,クラス27標準装備,低床,,20181217
47,パナソニック,ギュット,ギュット・ミニ・DX,,BE-ELMD034,,2018,/ギュット[\s・]?ミニ[\s・]?[dＤ][xＸ]/ius,,20,20×2.0HE,マットダークグリーン,142000,25.2,16,33.3,80,60,50,内装3段,141,154,725,クラス27標準装備,低床,,20181217
48,パナソニック,ギュット,ギュット・ミニ・DX,,BE-ELMD034,,2018,/ギュット[\s・]?ミニ[\s・]?[dＤ][xＸ]/ius,,20,20×2.0HE,ロイヤルレッド,142000,25.2,16,33.3,80,60,50,内装3段,141,154,725,クラス27標準装備,低床,,20181217
49,パナソニック,ギュット,ギュット・ミニ・DX,,BE-ELMD034,,2018,/ギュット[\s・]?ミニ[\s・]?[dＤ][xＸ]/ius,,20,20×2.0HE,マットブルーグレー,142000,25.2,16,33.3,80,60,50,内装3段,141,154,725,クラス27標準装備,低床,,20181217
50,パナソニック,ギュット,ギュット・ミニ・DX,,BE-ELMD034,,2018,/ギュット[\s・]?ミニ[\s・]?[dＤ][xＸ]/ius,,20,20×2.0HE,マットネイビー,142000,25.2,16,33.3,80,60,50,内装3段,141,154,725,クラス27標準装備,低床,,20181217
51,パナソニック,ギュット,ギュット・ミニ・DX,,BE-ELMD034,,2018,/ギュット[\s・]?ミニ[\s・]?[dＤ][xＸ]/ius,,20,20×2.0HE,パウダーイエロー,142000,25.2,16,33.3,80,60,50,内装3段,141,154,725,クラス27標準装備,低床,,20181217
52,パナソニック,ギュット,ギュット・ミニ・KD,,BE-ELM032,,2018,/ギュット[\s・]?ミニ[\s・]?[kＫ][dＤ]/ius,,20,20×2.0HE,マットブラック,158000,25.2,16,33.8,80,60,50,内装3段,141,154,725,クラス27標準装備,低床,,20181217
53,パナソニック,ギュット,ギュット・ミニ・KD,,BE-ELM032,,2018,/ギュット[\s・]?ミニ[\s・]?[kＫ][dＤ]/ius,,20,20×2.0HE,マットダークグリーン,158000,25.2,16,33.8,80,60,50,内装3段,141,154,725,クラス27標準装備,低床,,20181217
54,パナソニック,ギュット,ギュット・ミニ・KD,,BE-ELM032,,2018,/ギュット[\s・]?ミニ[\s・]?[kＫ][dＤ]/ius,,20,20×2.0HE,ミスティグリーン,158000,25.2,16,33.8,80,60,50,内装3段,141,154,725,クラス27標準装備,低床,,20181217
55,パナソニック,ギュット,ギュット・ミニ・KD,,BE-ELM032,,2018,/ギュット[\s・]?ミニ[\s・]?[kＫ][dＤ]/ius,,20,20×2.0HE,マットマロンベージュ,158000,25.2,16,33.8,80,60,50,内装3段,141,154,725,クラス27標準装備,低床,,20181217
56,パナソニック,ギュット,ギュット・ミニ・KD,,BE-ELM032,,2018,/ギュット[\s・]?ミニ[\s・]?[kＫ][dＤ]/ius,,20,20×2.0HE,マットネイビー,158000,25.2,16,33.8,80,60,50,内装3段,141,154,725,クラス27標準装備,低床,,20181217
57,パナソニック,ギュット,ギュット・アニーズ・DX,,BE-ELAD03,20181101,2019,/ギュット[\s・]?アニーズ[\s・][dＤ][xＸ]/iu,,20,20×2.125 HE,マットジェットブラック,139800,25.2,16,34,80,60,50,内装3段,142,155,735,クラス27標準装備,低床,,20181217
58,パナソニック,ギュット,ギュット・アニーズ・DX,,BE-ELAD03,20181101,2019,/ギュット[\s・]?アニーズ[\s・][dＤ][xＸ]/iu,,20,20×2.125 HE,オフホワイト,139800,25.2,16,34,80,60,50,内装3段,142,155,735,クラス27標準装備,低床,,20181217
59,パナソニック,ギュット,ギュット・アニーズ・DX,,BE-ELAD03,20181101,2019,/ギュット[\s・]?アニーズ[\s・][dＤ][xＸ]/iu,,20,20×2.125 HE,マットオリーブ,139800,25.2,16,34,80,60,50,内装3段,142,155,735,クラス27標準装備,低床,,20181217
60,パナソニック,ギュット,ギュット・アニーズ・DX,,BE-ELAD03,20181101,2019,/ギュット[\s・]?アニーズ[\s・][dＤ][xＸ]/iu,,20,20×2.125 HE,マットネイビー,139800,25.2,16,34,80,60,50,内装3段,142,155,735,クラス27標準装備,低床,,20181217
61,パナソニック,ギュット,ギュット・アニーズ・DX,,BE-ELAD03,20181101,2019,/ギュット[\s・]?アニーズ[\s・][dＤ][xＸ]/iu,,20,20×2.125 HE,マットブルーグレー,139800,25.2,16,34,80,60,50,内装3段,142,155,735,クラス27標準装備,低床,,20181217
62,パナソニック,ギュット,ギュット・アニーズ・DX,,BE-ELAD03,20181101,2019,/ギュット[\s・]?アニーズ[\s・][dＤ][xＸ]/iu,,20,20×2.125 HE,マットハニー,139800,25.2,16,34,80,60,50,内装3段,142,155,735,クラス27標準装備,低床,,20181217
63,パナソニック,ギュット,ギュット･アニーズ・DX・26,,BE-ELAD63,20181101,2019,/ギュット[\s・]?アニーズ[\s・][dＤ][xＸ][\s・]26/ius,,26,26×1.75 HE,マットジェットブラック,139800,25.2,16,34.1,96,70,60,内装3段,146,162,765,クラス27標準装備,,,20181217
64,パナソニック,ギュット,ギュット･アニーズ・DX・26,,BE-ELAD63,20181101,2019,/ギュット[\s・]?アニーズ[\s・][dＤ][xＸ][\s・]26/ius,,26,26×1.75 HE,オフホワイト,139800,25.2,16,34.1,96,70,60,内装3段,146,162,765,クラス27標準装備,,,20181217
65,パナソニック,ギュット,ギュット･アニーズ・DX・26,,BE-ELAD63,20181101,2019,/ギュット[\s・]?アニーズ[\s・][dＤ][xＸ][\s・]26/ius,,26,26×1.75 HE,マットオリーブ,139800,25.2,16,34.1,96,70,60,内装3段,146,162,765,クラス27標準装備,,,20181217
66,パナソニック,ギュット,ギュット･アニーズ・DX・26,,BE-ELAD63,20181101,2019,/ギュット[\s・]?アニーズ[\s・][dＤ][xＸ][\s・]26/ius,,26,26×1.75 HE,マットネイビー,139800,25.2,16,34.1,96,70,60,内装3段,146,162,765,クラス27標準装備,,,20181217
67,パナソニック,ギュット,ギュット・アニーズ・EX,,BE-ELAE033,20181101,2019,/ギュット[\s・]?アニーズ[\s・][eＥ][xＸ]/iu,,20,20×2.125 HE,マットジェットブラック,158800,25.2,16,34.3,80,60,50,内装3段,142,155,735,クラス27標準装備,低床,,20181217
68,パナソニック,ギュット,ギュット・アニーズ・EX,,BE-ELAE033,20181101,2019,/ギュット[\s・]?アニーズ[\s・][eＥ][xＸ]/iu,,20,20×2.125 HE,オフホワイト,158800,25.2,16,34.3,80,60,50,内装3段,142,155,735,クラス27標準装備,低床,,20181217
69,パナソニック,ギュット,ギュット・アニーズ・EX,,BE-ELAE033,20181101,2019,/ギュット[\s・]?アニーズ[\s・][eＥ][xＸ]/iu,,20,20×2.125 HE,マットオリーブ,158800,25.2,16,34.3,80,60,50,内装3段,142,155,735,クラス27標準装備,低床,,20181217
70,パナソニック,ギュット,ギュット・アニーズ・EX,,BE-ELAE033,20181101,2019,/ギュット[\s・]?アニーズ[\s・][eＥ][xＸ]/iu,,20,20×2.125 HE,ブリックレッド,158800,25.2,16,34.3,80,60,50,内装3段,142,155,735,クラス27標準装備,低床,,20181217
71,パナソニック,ギュット,ギュット・アニーズ・EX,,BE-ELAE033,20181101,2019,/ギュット[\s・]?アニーズ[\s・][eＥ][xＸ]/iu,,20,20×2.125 HE,マットネイビー,158800,25.2,16,34.3,80,60,50,内装3段,142,155,735,クラス27標準装備,低床,,20181217
72,パナソニック,ギュット,ギュット・アニーズ・SX,,BE-ELAS03,20181101,2019,/ギュット[\s・]?アニーズ[\s・][sＳ][xＸ]/ius,,20,20×2.125 HE,マットジェットブラック,134800,25.2,12,33.2,60,45,37,内装3段,142,155,735,クラス27標準装備,低床,,20181217
73,パナソニック,ギュット,ギュット・アニーズ・SX,,BE-ELAS03,20181101,2019,/ギュット[\s・]?アニーズ[\s・][sＳ][xＸ]/ius,,20,20×2.125 HE,オフホワイト,134800,25.2,12,33.2,60,45,37,内装3段,142,155,735,クラス27標準装備,低床,,20181217
74,パナソニック,ギュット,ギュット・アニーズ・SX,,BE-ELAS03,20181101,2019,/ギュット[\s・]?アニーズ[\s・][sＳ][xＸ]/ius,,20,20×2.125 HE,マットオリーブ,134800,25.2,12,33.2,60,45,37,内装3段,142,155,735,クラス27標準装備,低床,,20181217
75,パナソニック,ギュット,ギュット・アニーズ・SX,,BE-ELAS03,20181101,2019,/ギュット[\s・]?アニーズ[\s・][sＳ][xＸ]/ius,,20,20×2.125 HE,マットネイビー,134800,25.2,12,33.2,60,45,37,内装3段,142,155,735,クラス27標準装備,低床,,20181217
76,パナソニック,ギュット,ギュット・アニーズ・SX,,BE-ELAS03,20181101,2019,/ギュット[\s・]?アニーズ[\s・][sＳ][xＸ]/ius,,20,20×2.125 HE,マットブルーグレー,134800,25.2,12,33.2,60,45,37,内装3段,142,155,735,クラス27標準装備,低床,,20181217
77,パナソニック,ギュット,ギュット・アニーズ・SX,,BE-ELAS03,20181101,2019,/ギュット[\s・]?アニーズ[\s・][sＳ][xＸ]/ius,,20,20×2.125 HE,マットハニー,134800,25.2,12,33.2,60,45,37,内装3段,142,155,735,クラス27標準装備,低床,,20181217
78,パナソニック,ギュット,ギュット・クルーム・DX,,BE-ELFD03,20181203,2019,/ギュット[\s・]?クルーム[\s・][dＤ][xＸ]/ius,,20,20×1.95HE,グレイッシュレディブルー,149800,25.2,16,32.2,80,60,50,内装3段,,,,クラス27標準装備,低床,,20181217
79,パナソニック,ギュット,ギュット・クルーム・DX,,BE-ELFD03,20181203,2019,/ギュット[\s・]?クルーム[\s・][dＤ][xＸ]/ius,,20,20×1.95HE,マットオリーブ,149800,25.2,16,32.2,80,60,50,内装3段,,,,クラス27標準装備,低床,,20181217
80,パナソニック,ギュット,ギュット・クルーム・DX,,BE-ELFD03,20181203,2019,/ギュット[\s・]?クルーム[\s・][dＤ][xＸ]/ius,,20,20×1.95HE,モダングレー,149800,25.2,16,32.2,80,60,50,内装3段,,,,クラス27標準装備,低床,,20181217
81,パナソニック,ギュット,ギュット・クルーム・DX,,BE-ELFD03,20181203,2019,/ギュット[\s・]?クルーム[\s・][dＤ][xＸ]/ius,,20,20×1.95HE,マットディープグレー,149800,25.2,16,32.2,80,60,50,内装3段,,,,クラス27標準装備,低床,,20181217
82,パナソニック,ギュット,ギュット・クルーム・DX,,BE-ELFD03,20181203,2019,/ギュット[\s・]?クルーム[\s・][dＤ][xＸ]/ius,,20,20×1.95HE,シアースカーレット,149800,25.2,16,32.2,80,60,50,内装3段,,,,クラス27標準装備,低床,,20181217
83,パナソニック,ギュット,ギュット・クルーム・DX,,BE-ELFD03,20181203,2019,/ギュット[\s・]?クルーム[\s・][dＤ][xＸ]/ius,,20,20×1.95HE,マットネイビー,149800,25.2,16,32.2,80,60,50,内装3段,,,,クラス27標準装備,低床,,20181217
84,パナソニック,ギュット,ギュット・クルーム・EX,,BE-ELFE03,20181203,2019,/ギュット[\s・]?クルーム[\s・][eＥ][xＸ]/ius,,20,20×1.95HE,シアースカーレット,165800,25.2,16,32.7,80,60,50,内装3段,,,,クラス27標準装備,低床,,20181217
85,パナソニック,ギュット,ギュット・クルーム・EX,,BE-ELFE03,20181203,2019,/ギュット[\s・]?クルーム[\s・][eＥ][xＸ]/ius,,20,20×1.95HE,マットディープグレー,165800,25.2,16,32.7,80,60,50,内装3段,,,,クラス27標準装備,低床,,20181217
86,パナソニック,ギュット,ギュット・クルーム・EX,,BE-ELFE03,20181203,2019,/ギュット[\s・]?クルーム[\s・][eＥ][xＸ]/ius,,20,20×1.95HE,マットネイビー,165800,25.2,16,32.7,80,60,50,内装3段,,,,クラス27標準装備,低床,,20181217
87,パナソニック,ギュット,ギュット・クルーム・EX,,BE-ELFE03,20181203,2019,/ギュット[\s・]?クルーム[\s・][eＥ][xＸ]/ius,,20,20×1.95HE,グレイッシュレディ,165800,25.2,16,32.7,80,60,50,内装3段,,,,クラス27標準装備,低床,,20181217
88,パナソニック,ギュット,ギュット・クルーム・EX,,BE-ELFE03,20181203,2019,/ギュット[\s・]?クルーム[\s・][eＥ][xＸ]/ius,,20,20×1.95HE,ブルー,165800,25.2,16,32.7,80,60,50,内装3段,,,,クラス27標準装備,低床,,20181217
89,パナソニック,ギュット,ギュット・クルーム・EX,,BE-ELFE03,20181203,2019,/ギュット[\s・]?クルーム[\s・][eＥ][xＸ]/ius,,20,20×1.95HE,マットハニー,165800,25.2,16,32.7,80,60,50,内装3段,,,,クラス27標準装備,低床,,20181217
90,パナソニック,ティモ,ティモ・DX,,BE-ELDT754,,2018,/ティモ[\s・]?dx/ius,,27,27×1-3/8WO,ピュアブラック,115000,25.2,16,29,78,60,49,内装5段,149,,790,標準装備,,,20181217
91,パナソニック,ティモ,ティモ・DX,,BE-ELDT754,,2018,/ティモ[\s・]?dx/ius,,27,27×1-3/8WO,フレアレッドパール,115000,25.2,16,29,78,60,49,内装5段,149,,790,標準装備,,,20181217
92,パナソニック,ティモ,ティモ・DX,,BE-ELDT754,,2018,/ティモ[\s・]?dx/ius,,27,27×1-3/8WO,モダンシルバー,115000,25.2,16,29,78,60,49,内装5段,149,,790,標準装備,,,20181217
93,パナソニック,ティモ,ティモ・DX,,BE-ELDT754,,2018,/ティモ[\s・]?dx/ius,,27,27×1-3/8WO,USブルー,115000,25.2,16,29,78,60,49,内装5段,149,,790,標準装備,,,20181217
94,パナソニック,ティモ,ティモ・EX,,BE-ELET754,,2018,/ティモ[\s・]?ex/ius,,27,27×1-3/8WO,マットブラック,137000,25.2,20,29.7,100,76,62,内装5段,149,,790,標準装備,,,20181217
95,パナソニック,ティモ,ティモ・EX,,BE-ELET754,,2018,/ティモ[\s・]?ex/ius,,27,27×1-3/8WO,メタリックグレー,137000,25.2,20,29.7,100,76,62,内装5段,149,,790,標準装備,,,20181217
96,パナソニック,ティモ,ティモ・EX,,BE-ELET754,,2018,/ティモ[\s・]?ex/ius,,27,27×1-3/8WO,インディゴブルーメタリック,137000,25.2,20,29.7,100,76,62,内装5段,149,,790,標準装備,,,20181217
97,パナソニック,ティモ,ティモ・I,,BE-ELTA63,,2018,/ティモ[\s・]?i/ius,,26,26×1-3/8WO,オフホワイト,112000,25.2,12,29,75,53,44,内装3段,141,,740,クラス27標準装備,,,20181217
98,パナソニック,ティモ,ティモ・I,,BE-ELTA63,,2018,/ティモ[\s・]?i/ius,,26,26×1-3/8WO,マッドミスティグリーン,112000,25.2,12,29,75,53,44,内装3段,141,,740,クラス27標準装備,,,20181217
99,パナソニック,ティモ,ティモ・I,,BE-ELTA63,,2018,/ティモ[\s・]?i/ius,,26,26×1-3/8WO,シェルピンク,112000,25.2,12,29,75,53,44,内装3段,141,,740,クラス27標準装備,,,20181217
100,パナソニック,ティモ,ティモ・I,,BE-ELTA63,,2018,/ティモ[\s・]?i/ius,,26,26×1-3/8WO,マットディープグレー,112000,25.2,12,29,75,53,44,内装3段,141,,740,クラス27標準装備,,,20181217
101,パナソニック,ティモ,ティモ・S,,BE-ELST633,,2018,/ティモ[\s・]?s/ius,,26,26×1.75HE,マットジェットブラック,117000,25.2,16,27.9,100,70,59,内装3段,150,,810,クラス27標準装備,,,20181217
102,パナソニック,ティモ,ティモ・S,,BE-ELST633,,2018,/ティモ[\s・]?s/ius,,26,26×1.75HE,マットオリーブ,117000,25.2,16,27.9,100,70,59,内装3段,150,,,,,,20181217
103,パナソニック,ティモ,ティモ・S,,BE-ELST633,,2018,/ティモ[\s・]?s/ius,,26,26×1.75HE,ラセットオレンジ,117000,25.2,16,27.9,100,70,59,内装3段,150,,,,,,20181217
104,パナソニック,ティモ,ティモ・S,,BE-ELST633,,2018,/ティモ[\s・]?s/ius,,26,26×1.75HE,マットネイビー,117000,25.2,16,27.9,100,70,59,内装3段,150,,,,,,20181217
105,パナソニック,ティモ,ティモ・W,,BE-ELWD632,,2018,/ティモ[\s・]?w/ius,,26,26×1-3/8 WO,ピュアブラック,91000,25.2,6.6,28.3,42,30,26,内装3段,141,,740,クラス27標準装備,,,20181217
106,パナソニック,ティモ,ティモ・W,,BE-ELWD632,,2018,/ティモ[\s・]?w/ius,,26,26×1-3/8 WO,アクティブホワイト,91000,25.2,6.6,28.3,42,30,26,内装3段,141,,740,クラス27標準装備,,,20181217
107,パナソニック,ティモ,ティモ・W,,BE-ELWD632,,2018,/ティモ[\s・]?w/ius,,26,26×1-3/8 WO,クラシカルレッド,91000,25.2,6.6,28.3,42,30,26,内装3段,141,,740,クラス27標準装備,,,20181217
108,パナソニック,ティモ,ティモ・W,,BE-ELWD632,,2018,/ティモ[\s・]?w/ius,,26,26×1-3/8 WO,ペールブルー,91000,25.2,6.6,28.3,42,30,26,内装3段,141,,740,クラス27標準装備,,,20181217
109,パナソニック,ビビ,ビビ・SX,,BE-ELSX43,,2018,/ビビ[\s・]?[sＳ][xＸ]/iu,,24,24×1-3/8WO,マットブラック,85000,25.2,8,25.1,50,35,31,内装3段,138,,710,クラス27標準装備,低床,,20181217
110,パナソニック,ビビ,ビビ・SX,,BE-ELSX43,,2018,/ビビ[\s・]?[sＳ][xＸ]/iu,,24,24×1-3/8WO,ピスタチオ,85000,25.2,8,25.1,50,35,31,内装3段,138,,710,クラス27標準装備,低床,,20181217
111,パナソニック,ビビ,ビビ・SX,,BE-ELSX43,,2018,/ビビ[\s・]?[sＳ][xＸ]/iu,,24,24×1-3/8WO,モダンシルバー,85000,25.2,8,25.1,50,35,31,内装3段,138,,710,クラス27標準装備,低床,,20181217
112,パナソニック,ビビ,ビビ・SX,,BE-ELSX43,,2018,/ビビ[\s・]?[sＳ][xＸ]/iu,,24,24×1-3/8WO,チョコブラウン,85000,25.2,8,25.1,50,35,31,内装3段,138,,710,クラス27標準装備,低床,,20181217
113,パナソニック,ビビ,ビビ・SX,,BE-ELSX63,,2018,/ビビ[\s・]?[sＳ][xＸ]/iu,,26,26×1-3/8WO,マットブラック,85000,25.2,8,25.8,50,35,31,内装3段,141,,740,クラス27標準装備,低床,,20181217
114,パナソニック,ビビ,ビビ・SX,,BE-ELSX63,,2018,/ビビ[\s・]?[sＳ][xＸ]/iu,,26,26×1-3/8WO,ピスタチオ,85000,25.2,8,25.8,50,35,31,内装3段,141,,740,クラス27標準装備,低床,,20181217
115,パナソニック,ビビ,ビビ・SX,,BE-ELSX63,,2018,/ビビ[\s・]?[sＳ][xＸ]/iu,,26,26×1-3/8WO,モダンシルバー,85000,25.2,8,25.8,50,35,31,内装3段,141,,740,クラス27標準装備,低床,,20181217
116,パナソニック,ビビ,ビビ・SX,,BE-ELSX63,,2018,/ビビ[\s・]?[sＳ][xＸ]/iu,,26,26×1-3/8WO,チョコブラウン,85000,25.2,8,25.8,50,35,31,内装3段,141,,740,クラス27標準装備,低床,,20181217
117,パナソニック,ビビ,ビビ・YX,,BE-ELYX43,,2018,/ビビ[\s・]?[yｙ][xＸ]/iu,,24,,プラズマグレー,オープン,25.2,8,24.3,50,35,31,内装3段,,,,,低床,,20181217
118,パナソニック,ビビ,ビビ・YX,,BE-ELYX63,,2018,/ビビ[\s・]?[yｙ][xＸ]/iu,,26,,プラズマグレー,オープン,25.2,8,24.7,50,35,31,内装3段,,,,,低床,,20181217
119,パナソニック,ビビ,ビビ・YX,,BE-ELYX63,,2018,/ビビ[\s・]?[yｙ][xＸ]/iu,,26,,スパークブラウン,オープン,25.2,8,24.7,50,35,31,内装3段,,,,,低床,,20181217
120,パナソニック,ビビ,ビビ・YX,,BE-ELYX63,,2018,/ビビ[\s・]?[yｙ][xＸ]/iu,,26,,エアリーブルー,オープン,25.2,8,24.7,50,35,31,内装3段,,,,,低床,,20181217
121,パナソニック,ビビ,ビビ・DX,,BE-ELD435,20181101,2019,/ビビ[\s・]?[dＤ][xＸ]/iu,,24,24×1-3/8 WO,オフホワイト,110800,25.2,16,28.2,100,70,59,内装3段,138,,710,クラス27標準装備,低床,,20181217
122,パナソニック,ビビ,ビビ・DX,,BE-ELD435,20181101,2019,/ビビ[\s・]?[dＤ][xＸ]/iu,,24,24×1-3/8 WO,アップルグリーン,110800,25.2,16,28.2,100,70,59,内装3段,138,,710,クラス27標準装備,低床,,20181217
123,パナソニック,ビビ,ビビ・DX,,BE-ELD435,20181101,2019,/ビビ[\s・]?[dＤ][xＸ]/iu,,24,24×1-3/8 WO,レッドジンジャー,110800,25.2,16,28.2,100,70,59,内装3段,138,,710,クラス27標準装備,低床,,20181217
124,パナソニック,ビビ,ビビ・DX,,BE-ELD435,20181101,2019,/ビビ[\s・]?[dＤ][xＸ]/iu,,24,24×1-3/8 WO,シャイニーシルバー,110800,25.2,16,28.2,100,70,59,内装3段,138,,710,クラス27標準装備,低床,,20181217
125,パナソニック,ビビ,ビビ・DX,,BE-ELD435,20181101,2019,/ビビ[\s・]?[dＤ][xＸ]/iu,,24,24×1-3/8 WO,ビターブラウン,110800,25.2,16,28.2,100,70,59,内装3段,138,,710,クラス27標準装備,低床,,20181217
126,パナソニック,ビビ,ビビ・DX,,BE-ELD435,20181101,2019,/ビビ[\s・]?[dＤ][xＸ]/iu,,24,24×1-3/8 WO,USブルー,110800,25.2,16,28.2,100,70,59,内装3段,138,,710,クラス27標準装備,低床,,20181217
127,パナソニック,ビビ,ビビ・DX,,BE-ELD635,20181101,2019,/ビビ[\s・]?[dＤ][xＸ]/iu,,26,26×1-3/8 WO,オフホワイト,110800,25.2,16,29.1,100,70,59,内装3段,141,,740,クラス27標準装備,低床,,20181217
128,パナソニック,ビビ,ビビ・DX,,BE-ELD635,20181101,2019,/ビビ[\s・]?[dＤ][xＸ]/iu,,26,26×1-3/8 WO,アップルグリーン,110800,25.2,16,29.1,100,70,59,内装3段,141,,740,クラス27標準装備,低床,,20181217
129,パナソニック,ビビ,ビビ・DX,,BE-ELD635,20181101,2019,/ビビ[\s・]?[dＤ][xＸ]/iu,,26,26×1-3/8 WO,レッドジンジャー,110800,25.2,16,29.1,100,70,59,内装3段,141,,740,クラス27標準装備,低床,,20181217
130,パナソニック,ビビ,ビビ・DX,,BE-ELD635,20181101,2019,/ビビ[\s・]?[dＤ][xＸ]/iu,,26,26×1-3/8 WO,シャイニーシルバー,110800,25.2,16,29.1,100,70,59,内装3段,141,,740,クラス27標準装備,低床,,20181217
131,パナソニック,ビビ,ビビ・DX,,BE-ELD635,20181101,2019,/ビビ[\s・]?[dＤ][xＸ]/iu,,26,26×1-3/8 WO,ビターブラウン,110800,25.2,16,29.1,100,70,59,内装3段,141,,740,クラス27標準装備,低床,,20181217
132,パナソニック,ビビ,ビビ・DX,,BE-ELD635,20181101,2019,/ビビ[\s・]?[dＤ][xＸ]/iu,,26,26×1-3/8 WO,USブルー,110800,25.2,16,29.1,100,70,59,内装3段,141,,740,クラス27標準装備,低床,,20181217
133,パナソニック,ビビ,ビビ・EX,,BE-ELE435,20181101,2019,/ビビ[\s・]?[eＥ][xＸ]/iu,,24,24×1-3/8 WO,ミスティグリーン,137800,25.2,16,29.5,100,70,59,内装3段,138,,710,クラス27標準装備,低床,,20181217
134,パナソニック,ビビ,ビビ・EX,,BE-ELE435,20181101,2019,/ビビ[\s・]?[eＥ][xＸ]/iu,,24,24×1-3/8 WO,マットルージュ,137800,25.2,16,29.5,100,70,59,内装3段,138,,710,クラス27標準装備,低床,,20181217
135,パナソニック,ビビ,ビビ・EX,,BE-ELE435,20181101,2019,/ビビ[\s・]?[eＥ][xＸ]/iu,,24,24×1-3/8 WO,チタンシルバー,137800,25.2,16,29.5,100,70,59,内装3段,138,,710,クラス27標準装備,低床,,20181217
136,パナソニック,ビビ,ビビ・EX,,BE-ELE435,20181101,2019,/ビビ[\s・]?[eＥ][xＸ]/iu,,24,24×1-3/8 WO,マットネイビー,137800,25.2,16,29.5,100,70,59,内装3段,138,,710,クラス27標準装備,低床,,20181217
137,パナソニック,ビビ,ビビ・EX,,BE-ELE635,20181101,2019,/ビビ[\s・]?[eＥ][xＸ]/iu,,26,26×1-3/8 WO,ミスティグリーン,137800,25.2,16,30.4,100,70,59,内装3段,141,,740,クラス27標準装備,低床,,20181217
138,パナソニック,ビビ,ビビ・EX,,BE-ELE635,20181101,2019,/ビビ[\s・]?[eＥ][xＸ]/iu,,26,26×1-3/8 WO,マットルージュ,137800,25.2,16,30.4,100,70,59,内装3段,141,,740,クラス27標準装備,低床,,20181217
139,パナソニック,ビビ,ビビ・EX,,BE-ELE635,20181101,2019,/ビビ[\s・]?[eＥ][xＸ]/iu,,26,26×1-3/8 WO,チタンシルバー,137800,25.2,16,30.4,100,70,59,内装3段,141,,740,クラス27標準装備,低床,,20181217
140,パナソニック,ビビ,ビビ・EX,,BE-ELE635,20181101,2019,/ビビ[\s・]?[eＥ][xＸ]/iu,,26,26×1-3/8 WO,マットネイビー,137800,25.2,16,30.4,100,70,59,内装3段,141,,740,クラス27標準装備,低床,,20181217
141,パナソニック,ビビ,ビビ・L,,BE-ELL43,20181101,2019,/ビビ[\s・]?[lＬ]/iu,,24,24×1-3/8 WO,ラセットオレンジ,108800,25.2,12,22.5,78,54,46,内装3段,139,,720,標準装備,低床,,20181217
142,パナソニック,ビビ,ビビ・L,,BE-ELL43,20181101,2019,/ビビ[\s・]?[lＬ]/iu,,24,24×1-3/8 WO,ウォームシルバー,108800,25.2,12,22.5,78,54,46,内装3段,139,,720,標準装備,低床,,20181217
143,パナソニック,ビビ,ビビ・L,,BE-ELL43,20181101,2019,/ビビ[\s・]?[lＬ]/iu,,24,24×1-3/8 WO,チョコブラウン,108800,25.2,12,22.5,78,54,46,内装3段,139,,720,標準装備,低床,,20181217
144,パナソニック,ビビ,ビビ・L,,BE-ELL43,20181101,2019,/ビビ[\s・]?[lＬ]/iu,,24,24×1-3/8 WO,ターコイズブルー,108800,25.2,12,22.5,78,54,46,内装3段,139,,720,標準装備,低床,,20181217
145,パナソニック,ビビ,ビビ・L,,BE-ELL63,20181101,2019,/ビビ[\s・]?[lＬ]/iu,,26,26×1-3/8 WO,ラセットオレンジ,108800,25.2,12,22.8,78,54,46,内装3段,140,,730,標準装備,低床,,20181217
146,パナソニック,ビビ,ビビ・L,,BE-ELL63,20181101,2019,/ビビ[\s・]?[lＬ]/iu,,26,26×1-3/8 WO,ウォームシルバー,108800,25.2,12,22.8,78,54,46,内装3段,140,,730,標準装備,低床,,20181217
147,パナソニック,ビビ,ビビ・L,,BE-ELL63,20181101,2019,/ビビ[\s・]?[lＬ]/iu,,26,26×1-3/8 WO,チョコブラウン,108800,25.2,12,22.8,78,54,46,内装3段,140,,730,標準装備,低床,,20181217
148,パナソニック,ビビ,ビビ・L,,BE-ELL63,20181101,2019,/ビビ[\s・]?[lＬ]/iu,,26,26×1-3/8 WO,ターコイズブルー,108800,25.2,12,22.8,78,54,46,内装3段,140,,730,標準装備,低床,,20181217
149,パナソニック,ビビ,ビビ・L・20,,BE-ELL03,20181101,2019,/ビビ[\s・]?[lＬ][\s・]20/iu,,20,20×1.75 HE,ラセットオレンジ,108800,25.2,12,21.7,70,53,45,内装3段,136,,690,標準装備,低床,,20181217
150,パナソニック,ビビ,ビビ・L・20,,BE-ELL03,20181101,2019,/ビビ[\s・]?[lＬ][\s・]20/iu,,20,20×1.75 HE,ウォームシルバー,108800,25.2,12,21.7,70,53,45,内装3段,136,,690,標準装備,低床,,20181217
151,パナソニック,ビビ,ビビ・L・20,,BE-ELL03,20181101,2019,/ビビ[\s・]?[lＬ][\s・]20/iu,,20,20×1.75 HE,チョコブラウン,108800,25.2,12,21.7,70,53,45,内装3段,136,,690,標準装備,低床,,20181217
152,パナソニック,ビビ,ビビ・TX,イオン限定,BE-3ELTX633,,2018-2019(継続),/ビビ[\s・]?[tx]/iu,,26,,オフホワイト,,25.2,8,25.8,50,35,31,内装3段,144,,,クラス27標準装備,低床,,20181217
153,パナソニック,ビビ,ビビ・TX,イオン限定,BE-3ELTX633,,2018-2019(継続),/ビビ[\s・]?[tx]/iu,,26,,ビターブラウン,,25.2,8,25.8,50,35,31,内装3段,144,,,クラス27標準装備,低床,,20181217
154,パナソニック,ビビ,ビビ・TX,イオン限定,BE-3ELTX633,,2018-2019(継続),/ビビ[\s・]?[tx]/iu,,26,,USブルー,,25.2,8,25.8,50,35,31,内装3段,144,,,クラス27標準装備,低床,,20181217
155,パナソニック,ベロスター,ベロスター,,BE-ELVS77,201809,,/ベロスター/ius,,700c,700×38C,ミッドナイトブラック,95000,25.2,8,22.4,50,36,28,外装7段,149,,790,取付可,,,20181217
156,パナソニック,ベロスター,ベロスター,,BE-ELVS77,201809,,/ベロスター/ius,,700c,700×38C,クリスタルホワイト,95000,25.2,8,22.4,50,36,28,外装7段,149,,790,取付可,,,20181217
157,パナソニック,ベロスター,ベロスター,,BE-ELVS77,201809,,/ベロスター/ius,,700c,700×38C,ワインレッド,95000,25.2,8,22.4,50,36,28,外装7段,149,,790,取付可,,,20181217
158,パナソニック,ベロスター,ベロスター・ミニ,,BE-ELVS07,201809,,/ベロスター[\s・]?ミニ/ius,,20,20×1.5HE,ミッドナイトブラック,95000,25.2,8,21,60,40,31,外装7段,150,,805,取付可,,,20181217
159,パナソニック,ベロスター,ベロスター・ミニ,,BE-ELVS07,201809,,/ベロスター[\s・]?ミニ/ius,,20,20×1.5HE,マットオリーブ,95000,25.2,8,21,60,40,31,外装7段,150,,805,取付可,,,20181217
160,パナソニック,ベロスター,ベロスター・ミニ,,BE-ELVS07,201809,,/ベロスター[\s・]?ミニ/ius,,20,20×1.5HE,メタリックオレンジ,95000,25.2,8,21,60,40,31,外装7段,150,,805,取付可,,,20181217
161,パナソニック,,BP02,,BE-ELZC63A,,2018,/bp02/ius,,26,26×1.75HE,ジェットブラック,131000,25.2,12,24.8,74,54,46,内装3段,149,,790,標準装備,,,20181217
162,パナソニック,,BP02,,BE-ELZC63A,,2018,/bp02/ius,,26,26×1.75HE,ショアブルー,131000,25.2,12,24.8,74,54,46,内装3段,149,,790,標準装備,,,20181217
163,パナソニック,,BP02,,BE-ELZC63A,,2018,/bp02/ius,,26,26×1.75HE,デザートイエロー,131000,25.2,12,24.8,74,54,46,内装3段,149,,790,標準装備,,,20181217
164,パナソニック,,EZ,,BE-ELZ032A,,2018,/ez/ius,,20,20×2.125HE,マットナイト,117000,25.2,8,22.5,52,35,31,内装3段,149,,785,標準装備,,,20181217
165,パナソニック,,EZ,,BE-ELZ032A,,2018,/ez/ius,,20,20×2.125HE,マットオリーブ,117000,25.2,8,22.5,52,35,31,内装3段,149,,785,標準装備,,,20181217
166,パナソニック,,EZ,,BE-ELZ032A,,2018,/ez/ius,,20,20×2.125HE,マットゴールド,117000,25.2,8,22.5,52,35,31,内装3段,149,,785,標準装備,,,20181217
167,パナソニック,,Jコンセプト,,BE-JELJ01A,,2018,/jコンセプト/ius,,20,20×1.50HE,マットナイト,110000,25.2,12,18.2,91,61,50,,142,,745,取付可,,,20181217
168,パナソニック,,Jコンセプト,,BE-JELJ01A,,2018,/jコンセプト/ius,,20,20×1.50HE,クリスタルホワイト,110000,25.2,12,18.2,91,61,50,,142,,745,取付可,,,20181217
169,パナソニック,,Jコンセプト,,BE-JELJ01A,,2018,/jコンセプト/ius,,20,20×1.50HE,エバーグリーン,110000,25.2,12,18.2,91,61,50,,142,,745,取付可,,,20181217
170,パナソニック,,Jコンセプト,,BE-JELJ01A,,2018,/jコンセプト/ius,,20,20×1.50HE,レッドリーブス,110000,25.2,12,18.2,91,61,50,,142,,745,取付可,,,20181217
171,パナソニック,,SW,,BE-ELSW01,,2018,/SW/ius,,20,20×1.75HE/20×2.125HE,マットジェットブラック,75000,25.2,8,21.6,,36,,,147,,775,クラス27取付可,低床,,20181217
172,パナソニック,,SW,,BE-ELSW01,,2018,/SW/ius,,20,20×1.75HE/20×2.125HE,マットクラウディグレー,75000,25.2,8,21.6,,36,,,147,,775,クラス27取付可,低床,,20181217
173,パナソニック,,SW,,BE-ELSW01,,2018,/SW/ius,,20,20×1.75HE/20×2.125HE,デザートイエロー,75000,25.2,8,21.6,,36,,,147,,775,クラス27取付可,低床,,20181217
174,パナソニック,,オフタイム,,BE-ELW072A,,2018,/オフタイム/ius,,18/20,18×1.75HE/20×1.75HE,マットナイト×ブラック,127000,25.2,8,20.5,54,40,31,外装7段,148,,780,,,,20181217
175,パナソニック,,オフタイム,,BE-ELW072A,,2018,/オフタイム/ius,,18/20,18×1.75HE/20×1.75HE,パールホワイト×ブラック,127000,25.2,8,20.5,54,40,31,外装7段,148,,780,,,,20181217
176,パナソニック,,オフタイム,,BE-ELW072A,,2018,/オフタイム/ius,,18/20,18×1.75HE/20×1.75HE,オレンジ×ブラック,127000,25.2,8,20.5,54,40,31,外装7段,148,,780,,,,20181217
177,パナソニック,,オフタイム,,BE-ELW072A,,2018,/オフタイム/ius,,18/20,18×1.75HE/20×1.75HE,ブルーグレー×ブラック,127000,25.2,8,20.5,54,40,31,外装7段,148,,780,,,,20181217
178,パナソニック,,グリッター,,BE-ELGL033,,2018,/グリッター/ius,,20,20×1.95HE,ココモミルク,110000,25.2,12,24.5,75,54,42,内装3段,142,,745,取付可,,,20181217
179,パナソニック,,グリッター,,BE-ELGL033,,2018,/グリッター/ius,,20,20×1.95HE,マットルージュ,110000,25.2,12,24.5,75,54,42,内装3段,142,,745,取付可,,,20181217
180,パナソニック,,グリッター,,BE-ELGL033,,2018,/グリッター/ius,,20,20×1.95HE,マットダークブラウン,110000,25.2,12,24.5,75,54,42,内装3段,142,,745,取付可,,,20181217
181,パナソニック,,グリッター,,BE-ELGL033,,2018,/グリッター/ius,,20,20×1.95HE,グレイッシュブルー,110000,25.2,12,24.5,75,54,42,内装3段,142,,745,取付可,,,20181217
182,パナソニック,,ジェッター,,BE-ELHC44A,,2018,/ジェッター/ius,440,700c,700×38C,アクティブホワイト,150000,25.2,16,21.4,85,65,58,外装8段,154,,810,取付可,,,20181217
183,パナソニック,,ジェッター,,BE-ELHC44A,,2018,/ジェッター/ius,440,700c,700×38C,クラシカルレッド,150000,25.2,16,21.4,85,65,58,外装8段,154,,810,取付可,,,20181217
184,パナソニック,,ジェッター,,BE-ELHC44A,,2018,/ジェッター/ius,440,700c,700×38C,ペールブルー,150000,25.2,16,21.4,85,65,58,外装8段,154,,810,取付可,,,20181217
185,パナソニック,,ジェッター,,BE-ELHC49A,,2018,/ジェッター/ius,490,700c,700×38C,アクティブホワイト,150000,25.2,16,21.4,85,65,58,外装8段,164,,860,取付可,,,20181217
186,パナソニック,,ジェッター,,BE-ELHC49A,,2018,/ジェッター/ius,490,700c,700×38C,クラシカルレッド,150000,25.2,16,21.4,85,65,58,外装8段,164,,860,取付可,,,20181217
187,パナソニック,,ジェッター,,BE-ELHC49A,,2018,/ジェッター/ius,490,700c,700×38C,ペールブルー,150000,25.2,16,21.4,85,65,58,外装8段,164,,860,取付可,,,20181217
188,パナソニック,,ハリヤ,,BE-ELH242B,,2018,/ハリヤ/ius,,26,26×1.90HE,マットナイト,129000,25.2,12,22.8,73,54,45,外装7段,150,,805,取付可,,,20181217
189,パナソニック,,ハリヤ,,BE-ELH242B,,2018,/ハリヤ/ius,,26,26×1.90HE,クリスタルホワイト,129000,25.2,12,22.8,73,54,45,外装7段,150,,805,取付可,,,20181217
190,パナソニック,,ハリヤ,,BE-ELH242B,,2018,/ハリヤ/ius,,26,26×1.90HE,ストーングレー,129000,25.2,12,22.8,73,54,45,外装7段,150,,805,取付可,,,20181217
191,パナソニック,,ハリヤ,,BE-ELH242B,,2018,/ハリヤ/ius,,26,26×1.90HE,フラッシュアクア,129000,25.2,12,22.8,73,54,45,外装7段,150,,805,取付可,,,20181217
192,ブリヂストン,アシスタ,アシスタデラックス,,A4DC39,,2019,/アシスタ[\s・]?デラックス/ius,,24,24×1-1/2,M.XHスパークルシルバー,114800,25.5,12.3,25.3,80,56,45,内装3段,136,,720,クラス27標準装備,低床,,20181217
193,ブリヂストン,アシスタ,アシスタデラックス,,A4DC39,,2019,/アシスタ[\s・]?デラックス/ius,,24,24×1-1/2,F.Xカラメルブラウン,114800,25.5,12.3,25.3,80,56,45,内装3段,136,,720,クラス27標準装備,低床,,20181217
194,ブリヂストン,アシスタ,アシスタデラックス,,A4DC39,,2019,/アシスタ[\s・]?デラックス/ius,,24,24×1-1/2,P.Xオパールミント ,114800,25.5,12.3,25.3,80,56,45,内装3段,136,,720,クラス27標準装備,低床,,20181217
195,ブリヂストン,アシスタ,アシスタデラックス,,A4DC39,,2019,/アシスタ[\s・]?デラックス/ius,,24,24×1-1/2,E.Xディープピンク,114800,25.5,12.3,25.3,80,56,45,内装3段,136,,720,クラス27標準装備,低床,,20181217
196,ブリヂストン,アシスタ,アシスタデラックス,,A6DC39,,2019,/アシスタ[\s・]?デラックス/ius,,26,26×1-1/2,M.XHスパークルシルバー,114800,25.5,12.3,25.9,80,56,45,内装3段,139,,740,クラス27標準装備,低床,,20181217
197,ブリヂストン,アシスタ,アシスタデラックス,,A6DC39,,2019,/アシスタ[\s・]?デラックス/ius,,26,26×1-1/2,F.Xカラメルブラウン,114800,25.5,12.3,25.9,80,56,45,内装3段,139,,740,クラス27標準装備,低床,,20181217
198,ブリヂストン,アシスタ,アシスタデラックス,,A6DC39,,2019,/アシスタ[\s・]?デラックス/ius,,26,26×1-1/2,P.Xオパールミント ,114800,25.5,12.3,25.9,80,56,45,内装3段,139,,740,クラス27標準装備,低床,,20181217
199,ブリヂストン,アシスタ,アシスタデラックス,,A6DC39,,2019,/アシスタ[\s・]?ファイン/ius,,26,26×1-1/2,E.Xディープピンク,114800,25.5,12.3,25.9,80,56,45,内装3段,139,,740,クラス27標準装備,低床,,20181217
200,ブリヂストン,アシスタ,アシスタファイン,,A4FC18,,2019,/アシスタ[\s・]?デラックス/ius,,24,24×1-3/8,E.Xモダンブルー,オープン,25.5,6.2,24.6,36,25,21,内装3段,135,,715,標準装備,低床,,20181217
201,ブリヂストン,アシスタ,アシスタファイン,,A4FC18,,2019,/アシスタ[\s・]?デラックス/ius,,24,24×1-3/8,M.XHスパークルシルバー,オープン,25.5,6.2,24.6,36,25,21,内装3段,135,,715,標準装備,低床,,20181217
202,ブリヂストン,アシスタ,アシスタファイン,,A4FC18,,2019,/アシスタ[\s・]?デラックス/ius,,24,24×1-3/8,F.Xカラメルブラウン,オープン,25.5,6.2,24.6,36,25,21,内装3段,135,,715,標準装備,低床,,20181217
203,ブリヂストン,アシスタ,アシスタファイン,,A4FC18,,2019,/アシスタ[\s・]?デラックス/ius,,24,24×1-3/8,E.Xマリノブルー ,オープン,25.5,6.2,24.6,36,25,21,内装3段,135,,715,標準装備,低床,,20181217
204,ブリヂストン,アシスタ,アシスタファイン,,A4FC18,,2019,/アシスタ[\s・]?デラックス/ius,,24,24×1-3/8,E.Xフラミンゴオレンジ ,オープン,25.5,6.2,24.6,36,25,21,内装3段,135,,715,標準装備,低床,,20181217
205,ブリヂストン,アシスタ,アシスタファイン,,A4FC18,,2019,/アシスタ[\s・]?デラックス/ius,,24,24×1-3/8,E.Xナチュラルオリーブ,オープン,25.5,6.2,24.6,36,25,21,内装3段,135,,715,標準装備,低床,,20181217
206,ブリヂストン,アシスタ,アシスタファイン,,A6FC18,,2019,/アシスタ[\s・]?デラックス/ius,,26,26×1-3/8,M.XHスパークルシルバー,オープン,25.5,6.2,25.2,36,25,21,内装3段,139,,735,標準装備,低床,,20181217
207,ブリヂストン,アシスタ,アシスタファイン,,A6FC18,,2019,/アシスタ[\s・]?デラックス/ius,,26,26×1-3/8,F.Xカラメルブラウン,オープン,25.5,6.2,25.2,36,25,21,内装3段,139,,735,標準装備,低床,,20181217
208,ブリヂストン,アシスタ,アシスタファイン,,A6FC18,,2019,/アシスタ[\s・]?デラックス/ius,,26,26×1-3/8,E.Xマリノブルー ,オープン,25.5,6.2,25.2,36,25,21,内装3段,139,,735,標準装備,低床,,20181217
209,ブリヂストン,アシスタ,アシスタファイン,,A6FC18,,2019,/アシスタ[\s・]?デラックス/ius,,26,26×1-3/8,E.Xフラミンゴオレンジ ,オープン,25.5,6.2,25.2,36,25,21,内装3段,139,,735,標準装備,低床,,20181217
210,ブリヂストン,アシスタ,アシスタファイン,,A6FC18,,2019,/アシスタ[\s・]?デラックス/ius,,26,26×1-3/8,E.Xナチュラルオリーブ,オープン,25.5,6.2,25.2,36,25,21,内装3段,139,,735,標準装備,低床,,20181217
211,ブリヂストン,アシスタ,アシスタファイン,,A6FC18,,2019,/アシスタ[\s・]?デラックス[\s・]?ミニ/ius,,26,26×1-3/8,E.Xモダンブルー,オープン,25.5,6.2,25.2,36,25,21,内装3段,139,,735,標準装備,低床,,20181217
212,ブリヂストン,アシスタ,アシスタファインミニ,,A0BC18,,2019,/アシスタ[\s・]?デラックス/ius,,20/18,20×1.95/18×2.125,T.Xクロツヤケシ,オープン,25.5,6.2,26.5,37,24,21,内装3段,139,,735,標準装備,低床,,20181217
213,ブリヂストン,アシスタ,アシスタファインミニ,,A0BC18,,2019,/アシスタ[\s・]?デラックス/ius,,20/18,20×1.95/18×2.125,T.Xサンドベージュ,オープン,25.5,6.2,26.5,37,24,21,内装3段,139,,735,標準装備,低床,,20181217
214,ブリヂストン,アシスタ,アシスタファインミニ,,A0BC18,,2019,/アシスタ[\s・]?デラックス/ius,,20/18,20×1.95/18×2.125,E.Xチェリーピンク,オープン,25.5,6.2,26.5,37,24,21,内装3段,139,,735,標準装備,低床,,20181217
215,ブリヂストン,アシスタ,アシスタファインミニ,,A0BC18,,2019,/アシスタ[\s・]?デラックス/ius,,20/18,20×1.95/18×2.125,E.Xティールブルー,オープン,25.5,6.2,26.5,37,24,21,内装3段,139,,735,標準装備,低床,,20181217
216,ブリヂストン,アシスタ,アシスタプリマ,,A6PC18,,2019,/アシスタ[\s・]?プリマ/ius,,26,26×1-3/8,T.Xクロツヤケシ ,オープン,25.5,6.2,26.1,38,26,22,内装3段,139,,750,クラス27標準装備,,,20181217
217,ブリヂストン,アシスタ,アシスタプリマ,,A6PC18,,2019,/アシスタ[\s・]?プリマ/ius,,26,26×1-3/8,E.Xダークオリーブ,オープン,25.5,6.2,26.1,38,26,22,内装3段,139,,750,クラス27標準装備,,,20181217
218,ブリヂストン,アシスタ,アシスタプリマ,,A6PC18,,2019,/アシスタ[\s・]?プリマ/ius,,26,26×1-3/8,E.Xミルクティーベージュ,オープン,25.5,6.2,26.1,38,26,22,内装3段,139,,750,クラス27標準装備,,,20181217
219,ブリヂストン,アシスタ,アシスタプリマ,,A6PC18,,2019,/アシスタ[\s・]?プリマ/ius,,26,26×1-3/8,E.Xグレイッシュミント,オープン,25.5,6.2,26.1,38,26,22,内装3段,139,,750,クラス27標準装備,,,20181217
220,ブリヂストン,アシスタ,アシスタプリマ,,A6PC18,,2019,/アシスタ[\s・]?プリマ/ius,,26,26×1-3/8,E.Xグレイッシュピンク,オープン,25.5,6.2,26.1,38,26,22,内装3段,139,,750,クラス27標準装備,,,20181217
221,ブリヂストン,アシスタ,アシスタユニ,,A2UC38,,2019,/アシスタ[\s・]?ユニ/ius,,20,20×1.75,T.Xクロツヤケシ,107800,25.5,12.3,20.7,69,59,51,内装3段,129,,675,装着可能,低床,,20181217
222,ブリヂストン,アシスタ,アシスタユニ,,A2UC38,,2019,/アシスタ[\s・]?ユニ/ius,,20,20×1.75,T.Xグレイッシュミント,107800,25.5,12.3,20.7,69,59,51,内装3段,129,,675,装着可能,低床,,20181217
223,ブリヂストン,アシスタ,アシスタユニ,,A2UC38,,2019,/アシスタ[\s・]?ユニ/ius,,20,20×1.75,T.Xアンバーオレンジ,107800,25.5,12.3,20.7,69,59,51,内装3段,129,,675,装着可能,低床,,20181217
224,ブリヂストン,アシスタ,アシスタユニ,,A4UC38,,2019,/アシスタ[\s・]?ユニ/ius,,24,24×1.75,T.Xクロツヤケシ,108800,25.5,12.3,22.4,65,57,47,内装3段,131,,685,装着可能,低床,,20181217
225,ブリヂストン,アシスタ,アシスタユニ,,A4UC38,,2019,/アシスタ[\s・]?ユニ/ius,,24,24×1.75,T.XHカーキ,108800,25.5,12.3,22.4,65,57,47,内装3段,131,,685,装着可能,低床,,20181217
226,ブリヂストン,アシスタ,アシスタユニ,,A4UC38,,2019,/アシスタ[\s・]?ユニ/ius,,24,24×1.75,T.Xマットブルーグレー ,108800,25.5,12.3,22.4,65,57,47,内装3段,131,,685,装着可能,低床,,20181217
227,ブリヂストン,アシスタ,アシスタユニプレミア,,A2PC38,,2019,/アシスタ[\s・]?ユニ[\s・]?プレミア/ius,,20,20×1.75,M.Xフラッシュパープル,112800,25.5,12.3,21.9,72,,49,内装3段,128,,670,標準装備,低床,,20181217
228,ブリヂストン,アシスタ,アシスタユニプレミア,,A2PC38,,2019,/アシスタ[\s・]?ユニ[\s・]?プレミア/ius,,20,20×1.75,P.Xシーシェルアイボリー,112800,25.5,12.3,21.9,72,,49,内装3段,128,,670,標準装備,低床,,20181217
229,ブリヂストン,アシスタ,アシスタユニプレミア,,A2PC38,,2019,/アシスタ[\s・]?ユニ[\s・]?プレミア/ius,,20,20×1.75,M.Xピンクゴールド,112800,25.5,12.3,21.9,72,,49,内装3段,128,,670,標準装備,低床,,20181217
230,ブリヂストン,アシスタ,アシスタユニプレミア,,A2PC38,,2019,/アシスタ[\s・]?ユニ[\s・]?プレミア/ius,,20,20×1.75,P.Xオパールミント ,112800,25.5,12.3,21.9,72,,49,内装3段,128,,670,標準装備,低床,,20181217
231,ブリヂストン,アシスタ,アシスタユニプレミア,,A4PC38,,2019,/アシスタ[\s・]?ユニ[\s・]?プレミア/ius,,24,24×1.75,P.Xトラッドオリーブ,113800,25.5,12.3,24.3,72,,49,内装3段,131,,685,標準装備,低床,,20181217
232,ブリヂストン,アシスタ,アシスタユニプレミア,,A4PC38,,2019,/アシスタ[\s・]?ユニ[\s・]?プレミア/ius,,24,24×1.75,F.Xガーネットオレンジ,113800,25.5,12.3,24.3,72,,49,内装3段,131,,685,標準装備,低床,,20181217
233,ブリヂストン,アシスタ,アシスタユニプレミア,,A4PC38,,2019,/アシスタ[\s・]?ユニ[\s・]?プレミア/ius,,24,24×1.75,P.Xサファイヤブルー ,113800,25.5,12.3,24.3,72,,49,内装3段,131,,685,標準装備,低床,,20181217
234,ブリヂストン,アルベルト e,アルベルト e L型,,AL6B49,,2019,/AL6B49/ius,,26,26×1-3/8WO,M.XHスパークルシルバー,137800,36.5,9.9,25.9,80,63,47,内装3段,144,,765,クラス27取付可,,前輪駆動,20181217
235,ブリヂストン,アルベルト e,アルベルト e L型,,AL6B49,,2019,/AL6B49/ius,,26,26×1-3/8WO,T.アンバーブラック,137800,36.5,9.9,25.9,80,63,47,内装3段,144,,765,クラス27取付可,,前輪駆動,20181217
236,ブリヂストン,アルベルト e,アルベルト e L型,,AL6B49,,2019,/AL6B49/ius,,26,26×1-3/8WO,T.ネオンライム,137800,36.5,9.9,25.9,80,63,47,内装3段,144,,765,クラス27取付可,,前輪駆動,20181217
237,ブリヂストン,アルベルト e,アルベルト e L型,,AL6B49,,2019,/AL6B49/ius,,26,26×1-3/8WO,P.Xシャンパンホワイト,137800,36.5,9.9,25.9,80,63,47,内装3段,144,,765,クラス27取付可,,前輪駆動,20181217
238,ブリヂストン,アルベルト e,アルベルト e L型,,AL6B49,,2019,/AL6B49/ius,,26,26×1-3/8WO,M.ジュエルDブルー,137800,36.5,9.9,25.9,80,63,47,内装3段,144,,765,クラス27取付可,,前輪駆動,20181217
239,ブリヂストン,アルベルト e,アルベルト e L型,,AL7B49,,2019,/AL7B49/ius,,27,27×1-3/8WO,M.XHスパークルシルバー,139800,36.5,9.9,26.7,77,57,41,内装5段,148,,795,クラス27取付可,,前輪駆動,20181217
240,ブリヂストン,アルベルト e,アルベルト e L型,,AL7B49,,2019,/AL7B49/ius,,27,27×1-3/8WO,T.アンバーブラック,139800,36.5,9.9,26.7,77,57,41,内装5段,148,,795,クラス27取付可,,前輪駆動,20181217
241,ブリヂストン,アルベルト e,アルベルト e L型,,AL7B49,,2019,/AL7B49/ius,,27,27×1-3/8WO,T.ネオンライム,139800,36.5,9.9,26.7,77,57,41,内装5段,148,,795,クラス27取付可,,前輪駆動,20181217
242,ブリヂストン,アルベルト e,アルベルト e L型,,AL7B49,,2019,/AL7B49/ius,,27,27×1-3/8WO,P.Xシャンパンホワイト,139800,36.5,9.9,26.7,77,57,41,内装5段,148,,795,クラス27取付可,,前輪駆動,20181217
243,ブリヂストン,アルベルト e,アルベルト e L型,,AL7B49,,2019,/AL7B49/ius,,27,27×1-3/8WO,M.ジュエルDブルー,139800,36.5,9.9,26.7,77,57,41,内装5段,148,,795,クラス27取付可,,前輪駆動,20181217
244,ブリヂストン,アルベルト e,アルベルト e S型,,AS7B49,,2019,/AS7B49/ius,,27,27×1-3/8WO,T.ネオンライム,139800,36.5,9.9,26.7,77,57,41,内装5段,148,,795,クラス27取付可,,前輪駆動,20181217
245,ブリヂストン,アルベルト e,アルベルト e S型,,AS7B49,,2019,/AS7B49/ius,,27,27×1-3/8WO,T.アンバーブラック,139800,36.5,9.9,26.7,77,57,41,内装5段,148,,795,クラス27取付可,,前輪駆動,20181217
246,ブリヂストン,アルベルト e,アルベルト e S型,,AS7B49,,2019,/AS7B49/ius,,27,27×1-3/8WO,M．XHスパークルシルバー,139800,36.5,9.9,26.7,77,57,41,内装5段,148,,795,クラス27取付可,,前輪駆動,20181217
247,ブリヂストン,カジュナ e,カジュナ e スイートライン,,CS6B49,,2019,/カジュナ[\s・]?e[\s・]スイートライン/ius,,26,26×1-1/2,E.Xエッグシェルベージュ,129800,36.5,9.9,28.7,93,70,47,内装3段,144,,765,クラス27標準装備,低床,前輪駆動,20181217
248,ブリヂストン,カジュナ e,カジュナ e スイートライン,,CS6B49,,2019,/カジュナ[\s・]?e[\s・]スイートライン/ius,,26,26×1-1/2,E.Xミストグリーン,129800,36.5,9.9,28.7,93,70,47,内装3段,144,,765,クラス27標準装備,低床,前輪駆動,20181217
249,ブリヂストン,カジュナ e,カジュナ e スイートライン,,CS6B49,,2019,/カジュナ[\s・]?e[\s・]スイートライン/ius,,26,26×1-1/2,E.Xカームブルー,129800,36.5,9.9,28.7,93,70,47,内装3段,144,,765,クラス27標準装備,低床,前輪駆動,20181217
250,ブリヂストン,カジュナ e,カジュナ e スイートライン,,CS6B49,,2019,/カジュナ[\s・]?e[\s・]スイートライン/ius,,26,26×1-1/2,E.Xサンドピンク,129800,36.5,9.9,28.7,93,70,47,内装3段,144,,765,クラス27標準装備,低床,前輪駆動,20181217
251,ブリヂストン,カジュナ e,カジュナ e ベーシックライン,,CB6B49,,2019,/カジュナ[\s・]?e[\s・]ベーシックライン/ius,,26,26×1-1/2,E.XBKホワイト,129800,36.5,9.9,28.7,93,70,47,内装3段,144,,765,クラス27標準装備,低床,前輪駆動,20181217
252,ブリヂストン,カジュナ e,カジュナ e ベーシックライン,,CB6B49,,2019,/カジュナ[\s・]?e[\s・]ベーシックライン/ius,,26,26×1-1/2,E.Xアメリカンブルー,129800,36.5,9.9,28.7,93,70,47,内装3段,144,,765,クラス27標準装備,低床,前輪駆動,20181217
253,ブリヂストン,カジュナ e,カジュナ e ベーシックライン,,CB6B49,,2019,/カジュナ[\s・]?e[\s・]ベーシックライン/ius,,26,26×1-1/2,E.Xダークオリーブ,129800,36.5,9.9,28.7,93,70,47,内装3段,144,,765,クラス27標準装備,低床,前輪駆動,20181217
254,ブリヂストン,カジュナ e,カジュナ e ベーシックライン,,CB6B49,,2019,/カジュナ[\s・]?e[\s・]ベーシックライン/ius,,26,26×1-1/2,E.Xキャラメルブラウン,129800,36.5,9.9,28.7,93,70,47,内装3段,144,,765,クラス27標準装備,低床,前輪駆動,20181217
255,ブリヂストン,ビッケ,ビッケ グリ dd,,BG0B49,,2019,/ビッケ[\s・]?グリ[\s・]dd/ius,,24/20,24×1.75/20×2.125,E.Xランドベージュ,148800,36.5,9.9,33.2,88,63,45,内装3段,142,152,725,クラス27標準装備,,前輪駆動,20181217
256,ブリヂストン,ビッケ,ビッケ グリ dd,,BG0B49,,2019,/ビッケ[\s・]?グリ[\s・]dd/ius,,24/20,24×1.75/20×2.125,E.Xリバーブルー,148800,36.5,9.9,33.2,88,63,45,内装3段,142,152,725,クラス27標準装備,,前輪駆動,20181217
257,ブリヂストン,ビッケ,ビッケ グリ dd,,BG0B49,,2019,/ビッケ[\s・]?グリ[\s・]dd/ius,,24/20,24×1.75/20×2.125,E.Xアンバーオレンジ,148800,36.5,9.9,33.2,88,63,45,内装3段,142,152,725,クラス27標準装備,,前輪駆動,20181217
258,ブリヂストン,ビッケ,ビッケ グリ dd,,BG0B49,,2019,/ビッケ[\s・]?グリ[\s・]dd/ius,,24/20,24×1.75/20×2.125,T.Xディープグリーン,148800,36.5,9.9,33.2,88,63,45,内装3段,142,152,725,クラス27標準装備,,前輪駆動,20181217
259,ブリヂストン,ビッケ,ビッケ グリ dd,,BG0B49,,2019,/ビッケ[\s・]?グリ[\s・]dd/ius,,24/20,24×1.75/20×2.125,E.XBKホワイト,148800,36.5,9.9,33.2,88,63,45,内装3段,142,152,725,クラス27標準装備,,前輪駆動,20181217
260,ブリヂストン,ビッケ,ビッケ グリ dd,,BG0B49,,2019,/ビッケ[\s・]?グリ[\s・]dd/ius,,24/20,24×1.75/20×2.125,E.XBKダークグレー,148800,36.5,9.9,33.2,88,63,45,内装3段,142,152,725,クラス27標準装備,,前輪駆動,20181217
261,ブリヂストン,ビッケ,ビッケ ポーラー e,,BR0C49,,2019,/ビッケ[\s・]?ポーラー[\s・]e/ius,,20,20×1.95/20×2.125,M.ソフトカーキ,143800,25.5,15.4,31,78,63,56,内装3段,138,147,700,クラス27標準装備,低床,,20181217
262,ブリヂストン,ビッケ,ビッケ ポーラー e,,BR0C49,,2019,/ビッケ[\s・]?ポーラー[\s・]e/ius,,20,20×1.95/20×2.125,E.BKブルーグレー,143800,25.5,15.4,31,78,63,56,内装3段,138,147,700,クラス27標準装備,低床,,20181217
263,ブリヂストン,ビッケ,ビッケ ポーラー e,,BR0C49,,2019,/ビッケ[\s・]?ポーラー[\s・]e/ius,,20,20×1.95/20×2.125,E.BKダークグレー,143800,25.5,15.4,31,78,63,56,内装3段,138,147,700,クラス27標準装備,低床,,20181217
264,ブリヂストン,ビッケ,ビッケ ポーラー e,,BR0C49,,2019,/ビッケ[\s・]?ポーラー[\s・]e/ius,,20,20×1.95/20×2.125,E.BKホワイト,143800,25.5,15.4,31,78,63,56,内装3段,138,147,700,クラス27標準装備,低床,,20181217
265,ブリヂストン,ビッケ,ビッケ ポーラー e,,BR0C49,,2019,/ビッケ[\s・]?ポーラー[\s・]e/ius,,20,20×1.95/20×2.125,T.レトログレージュ,143800,25.5,15.4,31,78,63,56,内装3段,138,147,700,クラス27標準装備,低床,,20181217
266,ブリヂストン,ビッケ,ビッケ ポーラー e,,BR0C49,,2019,/ビッケ[\s・]?ポーラー[\s・]e/ius,,20,20×1.95/20×2.125,T.レトロレッド,143800,25.5,15.4,31,78,63,56,内装3段,138,147,700,クラス27標準装備,低床,,20181217
267,ブリヂストン,ビッケ,ビッケ ポーラー e,,BR0C49,,2019,/ビッケ[\s・]?ポーラー[\s・]e/ius,,20,20×1.95/20×2.125,T.レトロブルー,143800,25.5,15.4,31,78,63,56,内装3段,138,147,700,クラス27標準装備,低床,,20181217
268,ブリヂストン,ビッケ,ビッケ モブ dd,,BM0B49,,2019,/ビッケ[\s・]?モブ[\s・]dd/ius,,24/20,24×1.75/20×2.125,E.Xネイビーグレー,148800,36.5,9.9,34.4,82,58,42,内装3段,142,152,725,クラス27標準装備,低床,前輪駆動,20181217
269,ブリヂストン,ビッケ,ビッケ モブ dd,,BM0B49,,2019,/ビッケ[\s・]?モブ[\s・]dd/ius,,24/20,24×1.75/20×2.125,E.XBKホワイト,148800,36.5,9.9,34.4,82,58,42,内装3段,142,152,725,クラス27標準装備,低床,前輪駆動,20181217
270,ブリヂストン,ビッケ,ビッケ モブ dd,,BM0B49,,2019,/ビッケ[\s・]?モブ[\s・]dd/ius,,24/20,24×1.75/20×2.125,E.XBKブルーグレー,148800,36.5,9.9,34.4,82,58,42,内装3段,142,152,725,クラス27標準装備,低床,前輪駆動,20181217
271,ブリヂストン,ビッケ,ビッケ モブ dd,,BM0B49,,2019,/ビッケ[\s・]?モブ[\s・]dd/ius,,24/20,24×1.75/20×2.125,E.XBKダークグレー,148800,36.5,9.9,34.4,82,58,42,内装3段,142,152,725,クラス27標準装備,低床,前輪駆動,20181217
272,ブリヂストン,ビッケ,ビッケ モブ dd,,BM0B49,,2019,/ビッケ[\s・]?モブ[\s・]dd/ius,,24/20,24×1.75/20×2.125,E.Xオークルオレンジ,148800,36.5,9.9,34.4,82,58,42,内装3段,142,152,725,クラス27標準装備,低床,前輪駆動,20181217
273,ブリヂストン,フロンティア,フロンティア,,F4AB29,,2019,/フロンティア/ius,,24,24×1-3/8,M.XHスパークルシルバー,114800,36.5,6.2,25.7,60,42,29,内装3段,135,,710,クラス27標準装備,低床,前輪駆動,20181217
274,ブリヂストン,フロンティア,フロンティア,,F4AB29,,2019,/フロンティア/ius,,24,24×1-3/8,F.Xカラメルブラウン,114800,36.5,6.2,25.7,60,42,29,内装3段,135,,710,クラス27標準装備,低床,前輪駆動,20181217
275,ブリヂストン,フロンティア,フロンティア,,F4AB29,,2019,/フロンティア/ius,,24,24×1-3/8,F.Xベルベットローズ,114800,36.5,6.2,25.7,60,42,29,内装3段,135,,710,クラス27標準装備,低床,前輪駆動,20181217
276,ブリヂストン,フロンティア,フロンティア,,F4AB29,,2019,/フロンティア/ius,,24,24×1-3/8,E.Xノーブルネイビー,114800,36.5,6.2,25.7,60,42,29,内装3段,135,,710,クラス27標準装備,低床,前輪駆動,20181217
277,ブリヂストン,フロンティア,フロンティア,,F4AB29,,2019,/フロンティア/ius,,24,24×1-3/8,E.Xクリームアイボリー,114800,36.5,6.2,25.7,60,42,29,内装3段,135,,710,クラス27標準装備,低床,前輪駆動,20181217
278,ブリヂストン,フロンティア,フロンティア,,F6AB29,,2019,/フロンティア/ius,,26,26×1-3/8,M.XHスパークルシルバー,114800,36.5,6.2,26.3,60,42,29,内装3段,139,,740,クラス27標準装備,低床,前輪駆動,20181217
279,ブリヂストン,フロンティア,フロンティア,,F6AB29,,2019,/フロンティア/ius,,26,26×1-3/8,F.Xカラメルブラウン,114800,36.5,6.2,26.3,60,42,29,内装3段,139,,740,クラス27標準装備,低床,前輪駆動,20181217
280,ブリヂストン,フロンティア,フロンティア,,F6AB29,,2019,/フロンティア/ius,,26,26×1-3/8,F.Xベルベットローズ,114800,36.5,6.2,26.3,60,42,29,内装3段,139,,740,クラス27標準装備,低床,前輪駆動,20181217
281,ブリヂストン,フロンティア,フロンティア,,F6AB29,,2019,/フロンティア/ius,,26,26×1-3/8,E.Xノーブルネイビー,114800,36.5,6.2,26.3,60,42,29,内装3段,139,,740,クラス27標準装備,低床,前輪駆動,20181217
282,ブリヂストン,フロンティア,フロンティア,,F6AB29,,2019,/フロンティア/ius,,26,26×1-3/8,E.Xクリームアイボリー,114800,36.5,6.2,26.3,60,42,29,内装3段,139,,740,クラス27標準装備,低床,前輪駆動,20181217
283,ブリヂストン,フロンティア,フロンティア デラックス,,F4DB49,,2019,/フロンティア[\s・]?デラックス/ius,,24,24×1-1/2,M.XHスパークルシルバー,124800,36.5,9.9,27.2,101,77,51,内装3段,136,,720,クラス27標準装備,低床,前輪駆動,20181217
284,ブリヂストン,フロンティア,フロンティア デラックス,,F4DB49,,2019,/フロンティア[\s・]?デラックス/ius,,24,24×1-1/2,F.Xカラメルブラウン,124800,36.5,9.9,27.2,101,77,51,内装3段,136,,720,クラス27標準装備,低床,前輪駆動,20181217
285,ブリヂストン,フロンティア,フロンティア デラックス,,F4DB49,,2019,/フロンティア[\s・]?デラックス/ius,,24,24×1-1/2,F.Xベルベットローズ,124800,36.5,9.9,27.2,101,77,51,内装3段,136,,720,クラス27標準装備,低床,前輪駆動,20181217
286,ブリヂストン,フロンティア,フロンティア デラックス,,F4DB49,,2019,/フロンティア[\s・]?デラックス/ius,,24,24×1-1/2,E.Xノーブルネイビー,124800,36.5,9.9,27.2,101,77,51,内装3段,136,,720,クラス27標準装備,低床,前輪駆動,20181217
287,ブリヂストン,フロンティア,フロンティア デラックス,,F4DB49,,2019,/フロンティア[\s・]?デラックス/ius,,24,24×1-1/2,E.Xクリームアイボリー,124800,36.5,9.9,27.2,101,77,51,内装3段,136,,720,クラス27標準装備,低床,前輪駆動,20181217
288,ブリヂストン,フロンティア,フロンティア デラックス,,F4DB49,,2019,/フロンティア[\s・]?デラックス/ius,,24,24×1-1/2,E.Xグレイッシュミント,124800,36.5,9.9,27.2,101,77,51,内装3段,136,,720,クラス27標準装備,低床,前輪駆動,20181217
289,ブリヂストン,フロンティア,フロンティア デラックス,,F6DB49,,2019,/フロンティア[\s・]?デラックス/ius,,26,26×1-1/2,M.XHスパークルシルバー,124800,36.5,9.9,27.9,101,77,51,内装3段,140,,745,クラス27標準装備,低床,前輪駆動,20181217
290,ブリヂストン,フロンティア,フロンティア デラックス,,F6DB49,,2019,/フロンティア[\s・]?デラックス/ius,,26,26×1-1/2,F.Xカラメルブラウン,124800,36.5,9.9,27.9,101,77,51,内装3段,140,,745,クラス27標準装備,低床,前輪駆動,20181217
291,ブリヂストン,フロンティア,フロンティア デラックス,,F6DB49,,2019,/フロンティア[\s・]?デラックス/ius,,26,26×1-1/2,F.Xベルベットローズ,124800,36.5,9.9,27.9,101,77,51,内装3段,140,,745,クラス27標準装備,低床,前輪駆動,20181217
292,ブリヂストン,フロンティア,フロンティア デラックス,,F6DB49,,2019,/フロンティア[\s・]?デラックス/ius,,26,26×1-1/2,E.Xノーブルネイビー,124800,36.5,9.9,27.9,101,77,51,内装3段,140,,745,クラス27標準装備,低床,前輪駆動,20181217
293,ブリヂストン,フロンティア,フロンティア デラックス,,F6DB49,,2019,/フロンティア[\s・]?デラックス/ius,,26,26×1-1/2,E.Xクリームアイボリー,124800,36.5,9.9,27.9,101,77,51,内装3段,140,,745,クラス27標準装備,低床,前輪駆動,20181217
294,ブリヂストン,フロンティア,フロンティア デラックス,,F6DB49,,2019,/フロンティア[\s・]?デラックス/ius,,26,26×1-1/2,E.Xグレイッシュミント,124800,36.5,9.9,27.9,101,77,51,内装3段,140,,745,クラス27標準装備,低床,前輪駆動,20181217
295,ブリヂストン,フロンティア,フロンティア デラックス,,F6DB49,,2019,/フロンティア[\s・]?デラックス/ius,,26,26×1-1/2,E.Xグレイッシュピンク,124800,36.5,9.9,27.9,101,77,51,内装3段,140,,745,クラス27標準装備,低床,前輪駆動,20181217
296,ブリヂストン,フロンティア,フロンティアラクット,,FK0B49,,2019,/フロンティア[\s・]?ラクット/ius,,20,20×1.75,T.Xルビーレッド,117800,36.5,9.9,23.3,77,,49,内装3段,128,,670,標準装備,低床,前輪駆動,20181217
297,ブリヂストン,フロンティア,フロンティアラクット,,FK0B49,,2019,/フロンティア[\s・]?ラクット/ius,,20,20×1.75,T.Xサファイヤブルー,117800,36.5,9.9,23.3,77,,49,内装3段,128,,670,標準装備,低床,前輪駆動,20181217
298,ブリヂストン,フロンティア,フロンティアラクット,,FK0B49,,2019,/フロンティア[\s・]?ラクット/ius,,20,20×1.75,P.Xミスティミント,117800,36.5,9.9,23.3,77,,49,内装3段,128,,670,標準装備,低床,前輪駆動,20181217
299,ブリヂストン,フロンティア,フロンティアラクット,,FK0B49,,2019,/フロンティア[\s・]?ラクット/ius,,20,20×1.75,P.Xミスティラベンダー,117800,36.5,9.9,23.3,77,,49,内装3段,128,,670,標準装備,低床,前輪駆動,20181217
300,ブリヂストン,フロンティア,フロンティアラクット,,FK4B49,,2019,/フロンティア[\s・]?ラクット/ius,,24,24×1.75,T.Xルビーレッド,118800,36.5,9.9,24.9,80,,52,内装3段,130,,680,標準装備,低床,前輪駆動,20181217
301,ブリヂストン,フロンティア,フロンティアラクット,,FK4B49,,2019,/フロンティア[\s・]?ラクット/ius,,24,24×1.75,T.Xサファイヤブルー,118800,36.5,9.9,24.9,80,,52,内装3段,130,,680,標準装備,低床,前輪駆動,20181217
302,ブリヂストン,フロンティア,フロンティアラクット,,FK4B49,,2019,/フロンティア[\s・]?ラクット/ius,,24,24×1.75,P.Xミスティミント,118800,36.5,9.9,24.9,80,,52,内装3段,130,,680,標準装備,低床,前輪駆動,20181217
303,ブリヂストン,フロンティア,フロンティアラクット,,FK4B49,,2019,/フロンティア[\s・]?ラクット/ius,,24,24×1.75,P.Xミスティラベンダー,118800,36.5,9.9,24.9,80,,52,内装3段,130,,680,標準装備,低床,前輪駆動,20181217
304,ブリヂストン,フロンティア,フロンティアリラクシー,,FR6B49,,2019,/フロンティア[\s・]?リラクシー/ius,,26,26×1.95(黒),E.XBKブルーグレー,129800,36.5,9.9,28,98,71,48,内装3段,141,,750,クラス27標準装備,低床,前輪駆動,20181217
305,ブリヂストン,フロンティア,フロンティアリラクシー,,FR6B49,,2019,/フロンティア[\s・]?リラクシー/ius,,26,26×1.95(黒),T.XHアイボリー,129800,36.5,9.9,28,98,71,48,内装3段,141,,750,クラス27標準装備,低床,前輪駆動,20181217
306,ブリヂストン,フロンティア,フロンティアリラクシー,,FC6B49,,2019,/フロンティア[\s・]?リラクシー/ius,,26,26×2.0(カラー),T.Xダークアッシュ,132800,36.5,9.9,28.5,98,71,48,内装3段,141,,750,クラス27標準装備,低床,前輪駆動,20181217
307,ブリヂストン,フロンティア,フロンティアリラクシー,,FC6B49,,2019,/フロンティア[\s・]?リラクシー/ius,,26,26×2.0(カラー),M.Xソフトカーキ,132800,36.5,9.9,28.5,98,71,48,内装3段,141,,750,クラス27標準装備,低床,前輪駆動,20181217
308,ブリヂストン,,ステップクルーズ e,,ST6B49,,2019,/ステップクルーズ[\s・]?e/ius,,26,26×1.75,T.Xクロツヤケシ,129800,36.5,9.9,27.4,99,73,48,内装3段,144,,765,クラス27標準装備,,前輪駆動,20181217
309,ブリヂストン,,ステップクルーズ e,,ST6B49,,2019,/ステップクルーズ[\s・]?e/ius,,26,26×1.75,T.Xマットカーキ,129800,36.5,9.9,27.4,99,73,48,内装3段,144,,765,クラス27標準装備,,前輪駆動,20181217
310,ブリヂストン,,ステップクルーズ e,,ST6B49,,2019,/ステップクルーズ[\s・]?e/ius,,26,26×1.75,F.Xアクティブレット,129800,36.5,9.9,27.4,99,73,48,内装3段,144,,765,クラス27標準装備,,前輪駆動,20181217
311,ブリヂストン,,ステップクルーズ e,,ST6B49,,2019,/ステップクルーズ[\s・]?e/ius,,26,26×1.75,E.Xバイオレットブルー,129800,36.5,9.9,27.4,99,73,48,内装3段,144,,765,クラス27標準装備,,前輪駆動,20181217
312,ブリヂストン,,ステップクルーズ e,,ST6B49,,2019,/ステップクルーズ[\s・]?e/ius,,26,26×1.75,E.Xサニーピンク,129800,36.5,9.9,27.4,99,73,48,内装3段,144,,765,クラス27標準装備,,前輪駆動,20181217
313,ブリヂストン,,ハイディ ツー,,HY6B49,,2019,/ハイディ[\s・]?ツー/ius,,26,26×1.95,T.Xクロツヤケシ,154800,36.5,9.9,30.9,88,62,41,内装3段,145,157,745,クラス27標準装備,,前輪駆動,20181217
314,ブリヂストン,,ハイディ ツー,,HY6B49,,2019,/ハイディ[\s・]?ツー/ius,,26,26×1.95,E.Xホワイト,154800,36.5,9.9,30.9,88,62,41,内装3段,145,157,745,クラス27標準装備,,前輪駆動,20181217
315,ブリヂストン,,ハイディ ツー,,HY6B49,,2019,/ハイディ[\s・]?ツー/ius,,26,26×1.95,F.Xアクティブレッド,154800,36.5,9.9,30.9,88,62,41,内装3段,145,157,745,クラス27標準装備,,前輪駆動,20181217
316,ブリヂストン,,ハイディ ツー,,HY6B49,,2019,/ハイディ[\s・]?ツー/ius,,26,26×1.95,T.XHネイビー,154800,36.5,9.9,30.9,88,62,41,内装3段,145,157,745,クラス27標準装備,,前輪駆動,20181217
317,ブリヂストン,,ハイディ ツー,,HY6B49,,2019,/ハイディ[\s・]?ツー/ius,,26,26×1.95,XHカーキ,154800,36.5,9.9,30.9,88,62,41,内装3段,145,157,745,クラス27標準装備,,前輪駆動,20181217
318,ブリヂストン,,ハイディ ツー2019年限定モデル,,HC6B49,,2019,/ハイディ[\s・]?ツー[\s・]?2019年限定/ius,,26,26×2.0,T.Xクロツヤケシ,157800,36.5,9.9,31.6,88,62,41,内装3段,148,160,760,クラス27標準装備,,前輪駆動,20181217
319,ブリヂストン,,リアルストリーム,,RS6C48,,2019,/リアルストリーム/ius,,26,26×1.5,T.クロツヤケシ,155800,25.5,15.4,22.5,90,71,60,内装8段,148,,795,取付可,,,20181217
320,ブリヂストン,,リアルストリーム,,RS6C48,,2019,/リアルストリーム/ius,,26,26×1.5,T.スノーシルバー,155800,25.5,15.4,22.5,90,71,60,内装8段,148,,795,取付可,,,20181217
321,ブリヂストン,,リアルストリーム,,RS6C48,,2019,/リアルストリーム/ius,,26,26×1.5,E.ソリッドオレンジ,155800,25.5,15.4,22.5,90,71,60,内装8段,148,,795,取付可,,,20181217
322,ブリヂストン,,リアルストリーム ミニ,,RS2C38,,2019,/リアルストリーム[\s・]?ミニ/ius,,20,20×1-3/8,T.クロツヤケシ,114800,25.5,12.3,21.6,83,65,51,内装3段,144,,765,取付可,,,20181217
323,ブリヂストン,,リアルストリーム ミニ,,RS2C38,,2019,/リアルストリーム[\s・]?ミニ/ius,,20,20×1-3/8,T.レトログレージュ,114800,25.5,12.3,21.6,83,65,51,内装3段,144,,765,取付可,,,20181217
324,ブリヂストン,,リアルストリーム ミニ,,RS2C38,,2019,/リアルストリーム[\s・]?ミニ/ius,,20,20×1-3/8,E.ストーンブルー,114800,25.5,12.3,21.6,83,65,51,内装3段,144,,765,取付可,,,20181217
325,ヤマハ,PAS,PAS Ami,,,,2018,/PAS.*ami/iu,,26,26×1 1/2WO,シアンブルー,114000,25.5,12.3,27.7,76,54,45,内装3段式,147,,760,クラス27標準装備,,,20181217
326,ヤマハ,PAS,PAS Ami,,,,2018,/PAS.*ami/iu,,26,26×1 1/2WO,サクラピンク,114000,25.5,12.3,27.7,76,54,45,内装3段式,147,,760,クラス27標準装備,,,20181217
327,ヤマハ,PAS,PAS Ami,,,,2018,/PAS.*ami/iu,,26,26×1 1/2WO,スノーホワイト,114000,25.5,12.3,27.7,76,54,45,内装3段式,147,,760,クラス27標準装備,,,20181217
328,ヤマハ,PAS,PAS Ami,,,,2018,/PAS.*ami/iu,,26,26×1 1/2WO,Aレッド,114000,25.5,12.3,27.7,76,54,45,内装3段,147,,760,クラス27標準装備,,,20181217
329,ヤマハ,PAS,PAS Ami,,,,2018,/PAS.*ami/iu,,26,26×1 1/2WO,Sベージュ,114000,25.5,12.3,27.7,76,54,45,内装3段,147,,760,クラス27標準装備,,,20181217
330,ヤマハ,PAS,PAS Ami,,,,2018,/PAS.*ami/iu,,26,26×1 1/2WO,マットネイビー,114000,25.5,12.3,27.7,76,54,45,内装3段,147,,760,クラス27標準装備,,,20181217
331,ヤマハ,PAS,PAS minä,,,,2018,/PAS[\s.]?min[aä]/iu,,26,26×1.9HE,シルキーホワイト,122000,25.5,12.3,23.7,83,58,48,内装3段式,145,,745,クラス27取付可,,,20181217
332,ヤマハ,PAS,PAS minä,,,,2018,/PAS[\s.]?min[aä]/iu,,26,26×1.9HE,シルキーブラック,122000,25.5,12.3,23.7,83,58,48,内装3段式,145,,745,クラス27取付可,,,20181217
333,ヤマハ,PAS,PAS minä,,,,2018,/PAS[\s.]?min[aä]/iu,,26,26×1.9HE,シルキーブルー,122000,25.5,12.3,23.7,83,58,48,内装3段式,145,,745,クラス27取付可,,,20181217
334,ヤマハ,PAS,PAS Ami,,PA26A,20190122,2019,/PAS.*ami/iu,,26,26×1 1/2WO,パウダーブルー,116000,25.5,12.3,27.8,76,54,45,内装3段式,147,,760,クラス27標準装備,,,20181217
335,ヤマハ,PAS,PAS Ami,,PA26A,20190122,2019,/PAS.*ami/iu,,26,26×1 1/2WO,アースブルー,116000,25.5,12.3,27.8,76,54,45,内装3段式,147,,760,クラス27標準装備,,,20181217
336,ヤマハ,PAS,PAS Ami,,PA26A,20190122,2019,/PAS.*ami/iu,,26,26×1 1/2WO,レッド,116000,25.5,12.3,27.8,76,54,45,内装3段式,147,,760,クラス27標準装備,,,20181217
337,ヤマハ,PAS,PAS Ami,,PA26A,20190122,2019,/PAS.*ami/iu,,26,26×1 1/2WO,マットブラック,116000,25.5,12.3,27.8,76,54,45,内装3段,147,,760,クラス27標準装備,,,20181217
338,ヤマハ,PAS,PAS Ami,,PA26A,20190122,2019,/PAS.*ami/iu,,26,26×1 1/2WO,スノーホワイト,116000,25.5,12.3,27.8,76,54,45,内装3段,147,,760,クラス27標準装備,,,20181217
339,ヤマハ,PAS,PAS Ami,,PA26A,20190122,2019,/PAS.*ami/iu,,26,26×1 1/2WO,サクラピンク,116000,25.5,12.3,27.8,76,54,45,内装3段,147,,760,クラス27標準装備,,,20181217
340,ヤマハ,PAS,PAS minä,,PA26M,20190122,2019,/PAS[\s.]?min[aä]/iu,,26,26×1.9HE,シルキーシルバー2,124000,25.5,12.3,23.8,83,58,48,内装3段式,145,,745,クラス27取付可,,,20181217
341,ヤマハ,PAS,PAS minä,,PA26M,20190122,2019,/PAS[\s.]?min[aä]/iu,,26,26×1.9HE,シルキーブロンズ,124000,25.5,12.3,23.8,83,58,48,内装3段式,145,,745,クラス27取付可,,,20181217
342,ヤマハ,PAS,PAS minä,,PA26M,20190122,2019,/PAS[\s.]?min[aä]/iu,,26,26×1.9HE,シルキーブルー,124000,25.5,12.3,23.8,83,58,48,内装3段式,145,,745,クラス27取付可,,,20181217
343,ヤマハ,PAS Babby,PAS Babby un,,,,2018,/pas[\s・]?baby[\s・]?un/iu,,20,20×2.125HE,パウダーブルー２,125000,25.5,12.3,27.2,58,50,40,内装3段,142,146,730,クラス27標準装備,低床,,20181217
344,ヤマハ,PAS Babby,PAS Babby un,,,,2018,/pas[\s・]?baby[\s・]?un/iu,,20,20×2.125HE,ディープフォレスト,125000,25.5,12.3,27.2,58,50,40,内装3段,142,146,730,クラス27標準装備,低床,,20181217
345,ヤマハ,PAS Babby,PAS Babby un,,,,2018,/pas[\s・]?baby[\s・]?un/iu,,20,20×2.125HE,マットブラック,125000,25.5,12.3,27.2,58,50,40,内装3段,142,146,730,クラス27標準装備,低床,,20181217
346,ヤマハ,PAS Babby,PAS Babby un,,,,2018,/pas[\s・]?baby[\s・]?un/iu,,20,20×2.125HE,ピュアホワイト,125000,25.5,12.3,27.2,58,50,40,内装3段,142,146,730,クラス27標準装備,低床,,20181217
347,ヤマハ,PAS Babby,PAS Babby unリヤチャイルドシート標準装備モデル,,,,2018,/pas[\s・]?baby[\s・]?un[\s・]?リヤチャイルドシート標準装備モデル/iu,,20,20×2.125HE,マットアクシアン,134000,25.5,12.3,30.7,58,50,40,内装3段,142,146,730,クラス27標準装備,低床,,20181217
348,ヤマハ,PAS Babby,PAS Babby unリヤチャイルドシート標準装備モデル,,,,2018,/pas[\s・]?baby[\s・]?un[\s・]?リヤチャイルドシート標準装備モデル/iu,,20,20×2.125HE,パウダーブルー,134000,25.5,12.3,30.7,58,50,40,内装3段,142,146,730,クラス27標準装備,低床,,20181217
349,ヤマハ,PAS Babby,PAS Babby unリヤチャイルドシート標準装備モデル,,,,2018,/pas[\s・]?baby[\s・]?un[\s・]?リヤチャイルドシート標準装備モデル/iu,,20,20×2.125HE,ディープフォレスト,134000,25.5,12.3,30.7,58,50,40,内装3段,142,146,730,クラス27標準装備,低床,,20181217
350,ヤマハ,PAS Babby,PAS Babby unリヤチャイルドシート標準装備モデル,,,,2018,/pas[\s・]?baby[\s・]?un[\s・]?リヤチャイルドシート標準装備モデル/iu,,20,20×2.125HE,ディープレッド,134000,25.5,12.3,30.7,58,50,40,内装3段,142,146,730,クラス27標準装備,低床,,20181217
351,ヤマハ,PAS Babby,PAS Babby unリヤチャイルドシート標準装備モデル,,,,2018,/pas[\s・]?baby[\s・]?un[\s・]?リヤチャイルドシート標準装備モデル/iu,,20,20×2.125HE,マットカフェベージュ,134000,25.5,12.3,30.7,58,50,40,内装3段,142,146,730,クラス27標準装備,低床,,20181217
352,ヤマハ,PAS Babby,PAS Babby unリヤチャイルドシート標準装備モデル,,,,2018,/pas[\s・]?baby[\s・]?un[\s・]?リヤチャイルドシート標準装備モデル/iu,,20,20×2.125HE,マットブラック,134000,25.5,12.3,30.7,58,50,40,内装3段,142,146,730,クラス27標準装備,低床,,20181217
353,ヤマハ,PAS Babby,PAS Babby unリヤチャイルドシート標準装備モデル,,,,2018,/pas[\s・]?baby[\s・]?un[\s・]?リヤチャイルドシート標準装備モデル/iu,,20,20×2.125HE,ピュアホワイト,134000,25.5,12.3,30.7,58,50,40,内装3段,142,146,730,クラス27標準装備,低床,,20181217
354,ヤマハ,PAS Babby,PAS Babby un,,PA20BXL,20190614,2019,/pas[\s・]?baby[\s・]?un/iu,,20,20×2.125HE,ピュアホワイト,125000,25.5,12.3,27.3,58,50,40,内装3段,142,146,730,クラス27標準装備,低床,,20181217
355,ヤマハ,PAS Babby,PAS Babby un,,PA20BXL,20190614,2019,/pas[\s・]?baby[\s・]?un/iu,,20,20×2.125HE,マットブラック2,125000,25.5,12.3,27.3,58,50,40,内装3段,142,146,730,クラス27標準装備,低床,,20181217
356,ヤマハ,PAS Babby,PAS Babby un SPリヤチャイルドシート標準装備モデル,,PA20BSPR,20190303,2019,/pas[\s・]?baby[\s・]?un[\s・]?SP[\s・]?リヤチャイルドシート標準装備モデル/iu,,20,20×2.125HE,パウダーブルー２,138000,25.5,15.4,31.4,73,63,50,内装3段,142,146,730,クラス27標準装備,低床,,20181217
357,ヤマハ,PAS Babby,PAS Babby un SPリヤチャイルドシート標準装備モデル,,PA20BSPR,20190303,2019,/pas[\s・]?baby[\s・]?un[\s・]?SP[\s・]?リヤチャイルドシート標準装備モデル/iu,,20,20×2.125HE,マットカフェベージュ,138000,25.5,15.4,31.4,73,63,50,内装3段,142,146,730,クラス27標準装備,低床,,20181217
358,ヤマハ,PAS Babby,PAS Babby un SPリヤチャイルドシート標準装備モデル,,PA20BSPR,20190303,2019,/pas[\s・]?baby[\s・]?un[\s・]?SP[\s・]?リヤチャイルドシート標準装備モデル/iu,,20,20×2.125HE,マットブラック２,138000,25.5,15.4,31.4,73,63,50,内装3段,142,146,730,クラス27標準装備,低床,,20181217
359,ヤマハ,PAS Babby,PAS Babby unリヤチャイルドシート標準装備モデル,,PA20BXLR,20190122,2019,/pas[\s・]?baby[\s・]?un[\s・]?リヤチャイルドシート標準装備モデル/iu,,20,20×2.125HE,パウダーブルー２／アイボリー,134000,25.5,12.3,30.8,58,50,40,内装3段,142,146,730,クラス27標準装備,低床,,20181217
360,ヤマハ,PAS Babby,PAS Babby unリヤチャイルドシート標準装備モデル,,PA20BXLR,20190122,2019,/pas[\s・]?baby[\s・]?un[\s・]?リヤチャイルドシート標準装備モデル/iu,,20,20×2.125HE,ワインレッド／アイボリー,134000,25.5,12.3,30.8,58,50,40,内装3段,142,146,730,クラス27標準装備,低床,,20181217
361,ヤマハ,PAS Babby,PAS Babby unリヤチャイルドシート標準装備モデル,,PA20BXLR,20190122,2019,/pas[\s・]?baby[\s・]?un[\s・]?リヤチャイルドシート標準装備モデル/iu,,20,20×2.125HE,ディープフォレスト,134000,25.5,12.3,30.8,58,50,40,内装3段,142,146,730,クラス27標準装備,低床,,20181217
362,ヤマハ,PAS Babby,PAS Babby unリヤチャイルドシート標準装備モデル,,PA20BXLR,20190122,2019,/pas[\s・]?baby[\s・]?un[\s・]?リヤチャイルドシート標準装備モデル/iu,,20,20×2.125HE,マットカフェベージュ,134000,25.5,12.3,30.8,58,50,40,内装3段,142,146,730,クラス27標準装備,低床,,20181217
363,ヤマハ,PAS Babby,PAS Babby unリヤチャイルドシート標準装備モデル,,PA20BXLR,20190122,2019,/pas[\s・]?baby[\s・]?un[\s・]?リヤチャイルドシート標準装備モデル/iu,,20,20×2.125HE,マットブラック２,134000,25.5,12.3,30.8,58,50,40,内装3段,142,146,730,クラス27標準装備,低床,,20181217
364,ヤマハ,PAS Babby,PAS Babby unリヤチャイルドシート標準装備モデル,,PA20BXLR,20190122,2019,/pas[\s・]?baby[\s・]?un[\s・]?リヤチャイルドシート標準装備モデル/iu,,20,20×2.125HE,ピュアホワイト,134000,25.5,12.3,30.8,58,50,40,内装3段,142,146,730,クラス27標準装備,低床,,20181217
365,ヤマハ,PAS Brace,PAS Brace,,,,2018,/pas[\s・]?brace/iu,,26,26×1.50HE,マットグラファイト,159000,25.5,15.4,23.1,90,71,60,内装８段,155,,810,取付可,,,20181217
366,ヤマハ,PAS Brace,PAS Brace,,,,2018,/pas[\s・]?brace/iu,,26,26×1.50HE,クリスタルホワイト,159000,25.5,15.4,23.1,90,71,60,内装８段,155,,810,取付可,,,20181217
367,ヤマハ,PAS Brace,PAS Brace,,,,2018,/pas[\s・]?brace/iu,,26,26×1.50HE,アースブルー,159000,25.5,15.4,23.1,90,71,60,内装８段,155,,810,取付可,,,20181217
368,ヤマハ,PAS Brace,PAS Brace,,,,2018,/pas[\s・]?brace/iu,,26,26×1.50HE,リッチレッド,159000,25.5,15.4,23.1,90,71,60,内装８段,155,,810,取付可,,,20181217
369,ヤマハ,PAS CITY,PAS CITY-C,,,,2018,/pas[\s・]?city[\s-]?[cＣ]/iu,,20,20×1.75HE,クリスタルホワイト,109000,25.5,12.3,21.3,83,61,48,内装3段,139,,710,取付可,低床,,20181217
370,ヤマハ,PAS CITY,PAS CITY-C,,,,2018,/pas[\s・]?city[\s-]?[cＣ]/iu,,20,20×1.75HE,マットオリーブ,109000,25.5,12.3,21.3,83,61,48,内装3段,139,,710,取付可,低床,,20181217
371,ヤマハ,PAS CITY,PAS CITY-C,,,,2018,/pas[\s・]?city[\s-]?[cＣ]/iu,,20,20×1.75HE,モダンブルー,109000,25.5,12.3,21.3,83,61,48,内装3段,139,,710,取付可,低床,,20181217
372,ヤマハ,PAS CITY,PAS CITY-C,,,,2018,/pas[\s・]?city[\s-]?[cＣ]/iu,,20,20×1.75HE,レッド,109000,25.5,12.3,21.3,83,61,48,内装3段,139,,710,取付可,低床,,20181217
373,ヤマハ,PAS CITY,PAS CITY-S5,,,,2018,/pas[\s・]?city[\s-]?sp5/iu,,27,27×1 1/2WO,スノーホワイト,109000,25.5,12.3,25.4,69,49,41,内装5段,154,,800,クラス27取付可,,,20181217
374,ヤマハ,PAS CITY,PAS CITY-S5,,,,2018,/pas[\s・]?city[\s-]?sp5/iu,,27,27×1 1/2WO,ガンメタリック,109000,25.5,12.3,25.4,69,49,41,内装5段,154,,800,クラス27取付可,,,20181217
375,ヤマハ,PAS CITY,PAS CITY-S5,,,,2018,/pas[\s・]?city[\s-]?sp5/iu,,27,27×1 1/2WO,レッド,109000,25.5,12.3,25.4,69,49,41,内装5段,154,,800,クラス27取付可,,,20181217
376,ヤマハ,PAS CITY,PAS CITY-SP5,,,,2018,/pas[\s・]?city[\s-]?sp5/iu,,27,27×1 1/2WO,メタル２,116000,25.5,15.4,28,87,62,51,内装5段,154,,800,クラス27標準装備,,,20181217
377,ヤマハ,PAS CITY,PAS CITY-SP5,,,,2018,/pas[\s・]?city[\s-]?sp5/iu,,27,27×1 1/2WO,ディープブラック,116000,25.5,15.4,28,87,62,51,内装5段,154,,800,クラス27標準装備,,,20181217
378,ヤマハ,PAS CITY,PAS CITY-SP5,,,,2018,/pas[\s・]?city[\s-]?sp5/iu,,27,27×1 1/2WO,マットモダンブルー,116000,25.5,15.4,28,87,62,51,内装5段,154,,800,クラス27標準装備,,,20181217
379,ヤマハ,PAS CITY,PAS CITY-X,,,,2018,/pas[\s・]?city[\s-]?[xx]/iu,,20,20 1 3/8 WO,ボルドー,113000,25.5,12.3,21,90,69,54,内装3段,153,,795,取付可,,,20181217
380,ヤマハ,PAS CITY,PAS CITY-X,,,,2018,/pas[\s・]?city[\s-]?[xx]/iu,,20,21 1 3/8 WO,メタル,113000,25.5,12.3,21,90,69,54,内装3段,153,,795,取付可,,,20181217
381,ヤマハ,PAS CITY,PAS CITY-X,,,,2018,/pas[\s・]?city[\s-]?[xx]/iu,,20,22 1 3/8 WO,マットグラファイト,113000,25.5,12.3,21,90,69,54,内装3段,153,,795,取付可,,,20181217
382,ヤマハ,PAS CITY,PAS CITY-X,,,,2018,/pas[\s・]?city[\s-]?[xx]/iu,,20,23 1 3/8 WO,クリスタルホワイト,113000,25.5,12.3,21,90,69,54,内装3段,153,,795,取付可,,,20181217
383,ヤマハ,PAS CITY,PAS CITY-C,,,20180214,2019,/pas[\s・]?city[\s-]?[cＣ]/iu,,20,20×1.75HE,パウダーブルー,111000,25.5,12.3,21.4,83,61,48,内装3段,139,,715,取付可,低床,,20181217
384,ヤマハ,PAS CITY,PAS CITY-C,,,20180214,2019,/pas[\s・]?city[\s-]?[cＣ]/iu,,20,20×1.75HE,ワインレッド2,111000,25.5,12.3,21.4,83,61,48,内装3段,139,,715,取付可,低床,,20181217
385,ヤマハ,PAS CITY,PAS CITY-C,,,20180214,2019,/pas[\s・]?city[\s-]?[cＣ]/iu,,20,20×1.75HE,スノーホワイト,111000,25.5,12.3,21.4,83,61,48,内装3段,139,,715,取付可,低床,,20181217
386,ヤマハ,PAS CITY,PAS CITY-C,,,20180214,2019,/pas[\s・]?city[\s-]?[cＣ]/iu,,20,20×1.75HE,マットオリーブ,111000,25.5,12.3,21.4,83,61,48,内装3段,139,,715,取付可,低床,,20181217
387,ヤマハ,PAS CITY,PAS CITY-S5,,PA27CS5,20181215,2019,/pas[\s・]?city[\s-]?sp5/iu,,27,27×1 1/2WO,エスニックブルー,111000,25.5,12.3,25.5,69,49,41,内装5段,154,,800,クラス27取付可,,,20181217
388,ヤマハ,PAS CITY,PAS CITY-S5,,PA27CS5,20181215,2019,/pas[\s・]?city[\s-]?sp5/iu,,27,27×1 1/2WO,シルバー,111000,25.5,12.3,25.5,69,49,41,内装5段,154,,800,クラス27取付可,,,20181217
389,ヤマハ,PAS CITY,PAS CITY-SP5,,PA27CSP5,20181215,2019,/pas[\s・]?city[\s-]?sp5/iu,,27,27×1 1/2WO,ミラーシルバー,118000,25.5,15.4,28.1,87,62,51,内装5段,154,,800,クラス27標準装備,,,20181217
390,ヤマハ,PAS CITY,PAS CITY-SP5,,PA27CSP5,20181215,2019,/pas[\s・]?city[\s-]?sp5/iu,,27,27×1 1/2WO,スノーホワイト,118000,25.5,15.4,28.1,87,62,51,内装5段,154,,800,クラス27標準装備,,,20181217
391,ヤマハ,PAS CITY,PAS CITY-SP5,,PA27CSP5,20181215,2019,/pas[\s・]?city[\s-]?sp5/iu,,27,27×1 1/2WO,クリスタルブラック,118000,25.5,15.4,28.1,87,62,51,内装5段,154,,800,クラス27標準装備,,,20181217
392,ヤマハ,PAS CITY,PAS CITY-X,,,20180214,2019,/pas[\s・]?city[\s-]?[xx]/iu,,20,20 1 3/8 WO,ミラーシルバー２,115000,25.5,12.3,21.1,90,69,54,内装3段,153,,795,取付可,,,20181217
393,ヤマハ,PAS CITY,PAS CITY-X,,,20180214,2019,/pas[\s・]?city[\s-]?[xx]/iu,,20,21 1 3/8 WO,ダークメタリックレッド2,115000,25.5,12.3,21.1,90,69,54,内装3段,153,,795,取付可,,,20181217
394,ヤマハ,PAS CITY,PAS CITY-X,,,20180214,2019,/pas[\s・]?city[\s-]?[xx]/iu,,20,22 1 3/8 WO,クリスタルブラック,115000,25.5,12.3,21.1,90,69,54,内装3段,153,,795,取付可,,,20181217
395,ヤマハ,PAS CITY,PAS CITY-V,,PA24CV,20180913,,/pas[\s・]?city[\s-]?[vＶ]/iu,,24,24×1.75HE,ミラーシルバー,117000,25.5,12.3,22.1,78,59,48,内装5段,135,,685,取付可,,,20181217
396,ヤマハ,PAS CITY,PAS CITY-V,,PA24CV,20180913,,/pas[\s・]?city[\s-]?[vＶ]/iu,,24,24×1.75HE,ディープグリーン,117000,25.5,12.3,22.1,78,59,48,内装5段,135,,685,取付可,,,20181217
397,ヤマハ,PAS CITY,PAS CITY-V,,PA24CV,20180913,,/pas[\s・]?city[\s-]?[vＶ]/iu,,24,24×1.75HE,ルビーレッド,117000,25.5,12.3,22.1,78,59,48,内装5段,135,,685,取付可,,,20181217
398,ヤマハ,PAS Crew,PAS Crew Disney edition,受注期間限定モデル,PA24C,20190100,2019,/pas[\s・]?Crew[\s・]?Disney[\s・]?edition/iu,,24,24×2.0HE,ミッキー90周年限定デザイン（Aレッド）,181440,25.5,12.3,34,60,52,44,内装3段,145,150,745,クラス27標準装備,低床,,20181217
399,ヤマハ,PAS Crew,PAS Crew Disney edition,,PA24C,20190214,2019,/pas[\s・]?Crew[\s・]?Disney[\s・]?edition/iu,,24,24×2.0HE,スノーホワイト,170640,25.5,12.3,34,60,52,44,内装3段,145,150,745,クラス27標準装備,低床,,20181217
400,ヤマハ,PAS Crew,PAS Crew Disney edition,,PA24C,20190214,2019,/pas[\s・]?Crew[\s・]?Disney[\s・]?edition/iu,,24,24×2.0HE,ディープブラック,170640,25.5,12.3,34,60,52,44,内装3段,145,150,745,クラス27標準装備,低床,,20181217
401,ヤマハ,PAS Kiss,PAS Kiss mini un,,,,2018,/pas[\s・]?kiss[\s・]?mini[\s・]?un/iu,,20,20×2.125HE,ビビッドレッド,140000,25.5,12.3,30.3,60,49,40,内装3段,142,146,730,クラス27標準装備,低床,,20181217
402,ヤマハ,PAS Kiss,PAS Kiss mini un,,,,2018,/pas[\s・]?kiss[\s・]?mini[\s・]?un/iu,,20,20×2.125HE,ピュアパールホワイト,140000,25.5,12.3,30.3,60,49,40,内装3段,142,146,730,クラス27標準装備,低床,,20181217
403,ヤマハ,PAS Kiss,PAS Kiss mini un,,,,2018,/pas[\s・]?kiss[\s・]?mini[\s・]?un/iu,,20,20×2.125HE,マットブラック2,140000,25.5,12.3,30.3,60,49,40,内装3段,142,146,730,クラス27標準装備,低床,,20181217
404,ヤマハ,PAS Kiss,PAS Kiss mini un,,,,2018,/pas[\s・]?kiss[\s・]?mini[\s・]?un/iu,,20,20×2.125HE,アクアシアン,140000,25.5,12.3,30.3,60,49,40,内装3段,142,146,730,クラス27標準装備,低床,,20181217
405,ヤマハ,PAS Kiss,PAS Kiss mini un,,,,2018,/pas[\s・]?kiss[\s・]?mini[\s・]?un/iu,,20,20×2.125HE,ディープフォレスト,140000,25.5,12.3,30.3,60,49,40,内装3段,142,146,730,クラス27標準装備,低床,,20181217
406,ヤマハ,PAS Kiss,PAS Kiss mini un,,,,2018,/pas[\s・]?kiss[\s・]?mini[\s・]?un/iu,,20,20×2.125HE,ブラック／グリーン,140000,25.5,12.3,30.3,60,49,40,内装3段,142,146,730,クラス27標準装備,低床,,20181217
407,ヤマハ,PAS Kiss,PAS Kiss mini un,,,,2018,/pas[\s・]?kiss[\s・]?mini[\s・]?un/iu,,20,20×2.125HE,グレー／イエロー,140000,25.5,12.3,30.3,60,49,40,内装3段,142,146,730,クラス27標準装備,低床,,20181217
408,ヤマハ,PAS Kiss,PAS Kiss mini un,,PA20KXL,20190214,2019,/pas[\s・]?kiss[\s・]?mini[\s・]?un/iu,,20,20×2.125HE,ビビッドレッド,140000,25.5,12.3,30.4,60,49,40,内装3段,142,146,730,クラス27標準装備,低床,,20181217
409,ヤマハ,PAS Kiss,PAS Kiss mini un,,PA20KXL,20190214,2019,/pas[\s・]?kiss[\s・]?mini[\s・]?un/iu,,20,20×2.125HE,ピュアパールホワイト,140000,25.5,12.3,30.4,60,49,40,内装3段,142,146,730,クラス27標準装備,低床,,20181217
410,ヤマハ,PAS Kiss,PAS Kiss mini un,,PA20KXL,20190214,2019,/pas[\s・]?kiss[\s・]?mini[\s・]?un/iu,,20,20×2.125HE,マットブラック2,140000,25.5,12.3,30.4,60,49,40,内装3段,142,146,730,クラス27標準装備,低床,,20181217
411,ヤマハ,PAS Kiss,PAS Kiss mini un,,PA20KXL,20190214,2019,/pas[\s・]?kiss[\s・]?mini[\s・]?un/iu,,20,20×2.125HE,アクアシアン,140000,25.5,12.3,30.4,60,49,40,内装3段,142,146,730,クラス27標準装備,低床,,20181217
412,ヤマハ,PAS Kiss,PAS Kiss mini un,,PA20KXL,20190214,2019,/pas[\s・]?kiss[\s・]?mini[\s・]?un/iu,,20,20×2.125HE,ホワイト／グリーン,140000,25.5,12.3,30.4,60,49,40,内装3段,142,146,730,クラス27標準装備,低床,,20181217
413,ヤマハ,PAS Kiss,PAS Kiss mini un,,PA20KXL,20190214,2019,/pas[\s・]?kiss[\s・]?mini[\s・]?un/iu,,20,20×2.125HE,グレー／ビビッドマットオレンジ,140000,25.5,12.3,30.4,60,49,40,内装3段,142,146,730,クラス27標準装備,低床,,20181217
414,ヤマハ,PAS Kiss,PAS Kiss mini un sp,,PA20KSP,20190303,2019,/pas[\s・]?kiss[\s・]?mini[\s・]?un[\s・]sp/iu,,20,20×2.125HE,アクアシアン,144000,25.5,15.4,31,75,61,50,内装3段,142,146,730,クラス27標準装備,低床,,20181217
415,ヤマハ,PAS Kiss,PAS Kiss mini un sp,,PA20KSP,20190303,2019,/pas[\s・]?kiss[\s・]?mini[\s・]?un[\s・]sp/iu,,20,20×2.125HE,マットブラック2,144000,25.5,15.4,31,75,61,50,内装3段,142,146,730,クラス27標準装備,低床,,20181217
416,ヤマハ,PAS SION,PAS SION-U,,,,2018,/pas[\s・]?sion[\s-]?u/iu,,20,20×1.75HE,レッド,112000,25.5,12.3,22.2,72,,49,内装3段,133,,670,標準装備,低床,,20181217
417,ヤマハ,PAS SION,PAS SION-U,,,,2018,/pas[\s・]?sion[\s-]?u/iu,,20,20×1.75HE,アイボリー,112000,25.5,12.3,22.2,72,,49,内装3段,133,,670,標準装備,低床,,20181217
418,ヤマハ,PAS SION,PAS SION-U,,,,2018,/pas[\s・]?sion[\s-]?u/iu,,20,20×1.75HE,アースブルー,112000,25.5,12.3,22.2,72,,49,内装3段,133,,670,標準装備,低床,,20181217
419,ヤマハ,PAS SION,PAS SION-U,,,,2018,/pas[\s・]?sion[\s-]?u/iu,,20,20×1.75HE,ビンテージブロンズ,112000,25.5,12.3,22.2,72,,49,内装3段,133,,670,標準装備,低床,,20181217
420,ヤマハ,PAS SION,PAS SION-U,,,,2018,/pas[\s・]?sion[\s-]?u/iu,,24,24×1 1/2WO,アースブルー,112000,25.5,12.3,23.8,72,,52,内装3段,142,,725,標準装備,低床,,20181217
421,ヤマハ,PAS SION,PAS SION-U,,,,2018,/pas[\s・]?sion[\s-]?u/iu,,24,24×1 1/2WO,レッド,112000,25.5,12.3,23.8,72,,52,内装3段,142,,725,標準装備,低床,,20181217
422,ヤマハ,PAS SION,PAS SION-U,,,,2018,/pas[\s・]?sion[\s-]?u/iu,,24,24×1 1/2WO,アイボリー,112000,25.5,12.3,23.8,72,,52,内装3段,142,,725,標準装備,低床,,20181217
423,ヤマハ,PAS SION,PAS SION-U,,,,2018,/pas[\s・]?sion[\s-]?u/iu,,26,26×1 1/2WO,アースブルー,112000,25.5,12.3,24.4,72,,52,内装3段,145,,745,標準装備,低床,,20181217
424,ヤマハ,PAS SION,PAS SION-U,,,,2018,/pas[\s・]?sion[\s-]?u/iu,,26,26×1 1/2WO,レッド,112000,25.5,12.3,24.4,72,,52,内装3段,145,,745,標準装備,低床,,20181217
425,ヤマハ,PAS SION,PAS SION-U,,,,2018,/pas[\s・]?sion[\s-]?u/iu,,26,26×1 1/2WO,アイボリー,112000,25.5,12.3,24.4,72,,52,内装3段,145,,745,標準装備,低床,,20181217
426,ヤマハ,PAS VIENTA,PAS VIENTA5,,,,2018,/pas[\s・]?vienta5/iu,,26,26×1.50HE,ビターオレンジ,129000,25.5,12.3,20.9,74,54,45,内装5段,149,,770,取付可,,,20181217
427,ヤマハ,PAS VIENTA,PAS VIENTA5,,,,2018,/pas[\s・]?vienta5/iu,,26,26×1.50HE,エスニックブルー,129000,25.5,12.3,20.9,74,54,45,内装5段,149,,770,取付可,,,20181217
428,ヤマハ,PAS VIENTA,PAS VIENTA5,,,,2018,/pas[\s・]?vienta5/iu,,26,26×1.50HE,マットブラック,129000,25.5,12.3,20.9,74,54,45,内装5段,149,,770,取付可,,,20181217
429,ヤマハ,PAS VIENTA,PAS VIENTA5,,,,2018,/pas[\s・]?vienta5/iu,,26,26×1.50HE,シルキーホワイト,129000,25.5,12.3,20.9,74,54,45,内装5段,149,,770,取付可,,,20181217
430,ヤマハ,PAS With,PAS With,,,,2018,/pas[\s・]?with.*[dＤsＳ][xＸpＰ]/iu,,24,24×1 1/2WO,ダークメタリックブラウン,110000,25.5,12.3,25.3,76,56,48,内装3段,141,,720,クラス27標準装備,低床,,20181217
431,ヤマハ,PAS With,PAS With,,,,2018,/pas[\s・]?with.*[dＤsＳ][xＸpＰ]/iu,,24,24×1 1/2WO,ダークメタリックブルー,110000,25.5,12.3,25.3,76,56,48,内装3段,141,,720,クラス27標準装備,低床,,20181217
432,ヤマハ,PAS With,PAS With,,,,2018,/pas[\s・]?with.*[dＤsＳ][xＸpＰ]/iu,,24,24×1 1/2WO,ピュアパールホワイト,110000,25.5,12.3,25.3,76,56,48,内装3段,141,,720,クラス27標準装備,低床,,20181217
433,ヤマハ,PAS With,PAS With,,,,2018,/pas[\s・]?with.*[dＤsＳ][xＸpＰ]/iu,,24,24×1 1/2WO,ピュアシルバー,110000,25.5,12.3,25.3,76,56,48,内装3段,141,,720,クラス27標準装備,低床,,20181217
434,ヤマハ,PAS With,PAS With,,,,2018,/pas[\s・]?with.*[dＤsＳ][xＸpＰ]/iu,,24,24×1 1/2WO,ビビッドレッド,110000,25.5,12.3,25.3,76,56,48,内装3段,141,,720,クラス27標準装備,低床,,20181217
435,ヤマハ,PAS With,PAS With,,,,2018,/pas[\s・]?with.*[dＤsＳ][xＸpＰ]/iu,,26,26×1 1/2WO,ライムグリーン,110000,25.5,12.3,26,76,56,48,内装3段,145,,745,クラス27標準装備,低床,,20181217
436,ヤマハ,PAS With,PAS With,,,,2018,/pas[\s・]?with.*[dＤsＳ][xＸpＰ]/iu,,26,26×1 1/2WO,アクシアン,110000,25.5,12.3,26,76,56,48,内装3段,145,,745,クラス27標準装備,低床,,20181217
437,ヤマハ,PAS With,PAS With,,,,2018,/pas[\s・]?with.*[dＤsＳ][xＸpＰ]/iu,,26,26×1 1/2WO,ダークメタリックブラウン,110000,25.5,12.3,26,76,56,48,内装3段,145,,745,クラス27標準装備,低床,,20181217
438,ヤマハ,PAS With,PAS With,,,,2018,/pas[\s・]?with.*[dＤsＳ][xＸpＰ]/iu,,26,26×1 1/2WO,ダークメタリックブルー,110000,25.5,12.3,26,76,56,48,内装3段,145,,745,クラス27標準装備,低床,,20181217
439,ヤマハ,PAS With,PAS With,,,,2018,/pas[\s・]?with.*[dＤsＳ][xＸpＰ]/iu,,26,26×1 1/2WO,ピュアパールホワイト,110000,25.5,12.3,26,76,56,48,内装3段,145,,745,クラス27標準装備,低床,,20181217
440,ヤマハ,PAS With,PAS With,,,,2018,/pas[\s・]?with.*[dＤsＳ][xＸpＰ]/iu,,26,26×1 1/2WO,ピュアシルバー,110000,25.5,12.3,26,76,56,48,内装3段,145,,745,クラス27標準装備,低床,,20181217
441,ヤマハ,PAS With,PAS With,,,,2018,/pas[\s・]?with.*[dＤsＳ][xＸpＰ]/iu,,26,26×1 1/2WO,ビビッドレッド,110000,25.5,12.3,26,76,56,48,内装3段,145,,745,クラス27標準装備,低床,,20181217
442,ヤマハ,PAS With,PAS With DX,,,,2018,/pas[\s・]?with[\s・]?dx/iu,,24,24×1 1/2WO,グレイッシュブルー,113000,25.5,12.3,26.6,76,56,48,内装3段,141,,720,クラス27標準装備,低床,,20181217
443,ヤマハ,PAS With,PAS With DX,,,,2018,/pas[\s・]?with[\s・]?dx/iu,,24,24×1 1/2WO,ディープフォレスト,113000,25.5,12.3,26.6,76,56,48,内装3段,141,,720,クラス27標準装備,低床,,20181217
444,ヤマハ,PAS With,PAS With DX,,,,2018,/pas[\s・]?with[\s・]?dx/iu,,24,24×1 1/2WO,ピュアホワイト,113000,25.5,12.3,26.6,76,56,48,内装3段,141,,720,クラス27標準装備,低床,,20181217
445,ヤマハ,PAS With,PAS With DX,,,,2018,/pas[\s・]?with[\s・]?dx/iu,,24,24×1 1/2WO,マットブラック２,113000,25.5,12.3,26.6,76,56,48,内装3段,141,,720,クラス27標準装備,低床,,20181217
446,ヤマハ,PAS With,PAS With DX,,,,2018,/pas[\s・]?with[\s・]?dx/iu,,24,24×1 1/2WO,ダークメタリックブラウン,113000,25.5,12.3,26.6,76,56,48,内装3段,141,,720,クラス27標準装備,低床,,20181217
447,ヤマハ,PAS With,PAS With DX,,,,2018,/pas[\s・]?with[\s・]?dx/iu,,26,26×1 1/2WO,グレイッシュブルー,113000,25.5,12.3,27.2,76,56,48,内装3段,145,,745,クラス27標準装備,低床,,20181217
448,ヤマハ,PAS With,PAS With DX,,,,2018,/pas[\s・]?with[\s・]?dx/iu,,26,26×1 1/2WO,ワインレッド,113000,25.5,12.3,27.2,76,56,48,内装3段,145,,745,クラス27標準装備,低床,,20181217
449,ヤマハ,PAS With,PAS With DX,,,,2018,/pas[\s・]?with[\s・]?dx/iu,,26,26×1 1/2WO,コーラルピンク,113000,25.5,12.3,27.2,76,56,48,内装3段,145,,745,クラス27標準装備,低床,,20181217
450,ヤマハ,PAS With,PAS With DX,,,,2018,/pas[\s・]?with[\s・]?dx/iu,,26,26×1 1/2WO,ディープフォレスト,113000,25.5,12.3,27.2,76,56,48,内装3段,145,,745,クラス27標準装備,低床,,20181217
451,ヤマハ,PAS With,PAS With DX,,,,2018,/pas[\s・]?with[\s・]?dx/iu,,26,26×1 1/2WO,ピュアホワイト,113000,25.5,12.3,27.2,76,56,48,内装3段,145,,745,クラス27標準装備,低床,,20181217
452,ヤマハ,PAS With,PAS With DX,,,,2018,/pas[\s・]?with[\s・]?dx/iu,,26,26×1 1/2WO,マットブラック２,113000,25.5,12.3,27.2,76,56,48,内装3段,145,,745,クラス27標準装備,低床,,20181217
453,ヤマハ,PAS With,PAS With DX,,,,2018,/pas[\s・]?with[\s・]?dx/iu,,26,26×1 1/2WO,ダークメタリックブラウン,113000,25.5,12.3,27.2,76,56,48,内装3段,145,,745,クラス27標準装備,低床,,20181217
454,ヤマハ,PAS With,PAS With SP,,,,2018,/pas[\s・]?with[\s・]?sp/iu,,24,24×1 1/2WO,ディープバイオレット,139000,25.5,15.4,26.7,100,70,59,内装3段,141,,720,クラス27標準装備,低床,,20181217
455,ヤマハ,PAS With,PAS With SP,,,,2018,/pas[\s・]?with[\s・]?sp/iu,,24,24×1 1/2WO,ダークメタリックレッド,139000,25.5,15.4,26.7,100,70,59,内装3段,141,,720,クラス27標準装備,低床,,20181217
456,ヤマハ,PAS With,PAS With SP,,,,2018,/pas[\s・]?with[\s・]?sp/iu,,24,24×1 1/2WO,シャンパンシルバー,139000,25.5,15.4,26.7,100,70,59,内装3段,141,,720,クラス27標準装備,低床,,20181217
457,ヤマハ,PAS With,PAS With SP,,,,2018,/pas[\s・]?with[\s・]?sp/iu,,26,26×1 1/2WO,ディープバイオレット,139000,25.5,15.4,27.4,100,70,59,内装3段,145,,745,クラス27標準装備,低床,,20181217
458,ヤマハ,PAS With,PAS With SP,,,,2018,/pas[\s・]?with[\s・]?sp/iu,,26,26×1 1/2WO,マットダークグリーン,139000,25.5,15.4,27.4,100,70,59,内装3段,145,,745,クラス27標準装備,低床,,20181217
459,ヤマハ,PAS With,PAS With SP,,,,2018,/pas[\s・]?with[\s・]?sp/iu,,26,26×1 1/2WO,ブロンズメタリック,139000,25.5,15.4,27.4,100,70,59,内装3段,145,,745,クラス27標準装備,低床,,20181217
460,ヤマハ,PAS With,PAS With SP,,,,2018,/pas[\s・]?with[\s・]?sp/iu,,26,26×1 1/2WO,ダークメタリックレッド,139000,25.5,15.4,27.4,100,70,59,内装3段,145,,745,クラス27標準装備,低床,,20181217
461,ヤマハ,PAS With,PAS With SP,,,,2018,/pas[\s・]?with[\s・]?sp/iu,,26,26×1 1/2WO,シャンパンシルバー,139000,25.5,15.4,27.4,100,70,59,内装3段,145,,745,クラス27標準装備,低床,,20181217
462,ヤマハ,PAS With,PAS With,,PA24W,20181225,2019,/pas[\s・]?with.*[dＤsＳ][xＸpＰ]/iu,,24,24×1 1/2WO,ダークメタリックブラウン,110000,25.5,12.3,25.5,76,56,48,内装3段,141,,720,クラス27標準装備,低床,,20181217
463,ヤマハ,PAS With,PAS With,,PA24W,20181225,2019,/pas[\s・]?with.*[dＤsＳ][xＸpＰ]/iu,,24,24×1 1/2WO,ダークメタリックブルー,110000,25.5,12.3,25.5,76,56,48,内装3段,141,,720,クラス27標準装備,低床,,20181217
464,ヤマハ,PAS With,PAS With,,PA24W,20181225,2019,/pas[\s・]?with.*[dＤsＳ][xＸpＰ]/iu,,24,24×1 1/2WO,ピュアシルバー,110000,25.5,12.3,25.5,76,56,48,内装3段,141,,720,クラス27標準装備,低床,,20181217
465,ヤマハ,PAS With,PAS With,,PA24W,20181225,2019,/pas[\s・]?with.*[dＤsＳ][xＸpＰ]/iu,,24,24×1 1/2WO,アクシアン,110000,25.5,12.3,25.5,76,56,48,内装3段,141,,720,クラス27標準装備,低床,,20181217
466,ヤマハ,PAS With,PAS With,,PA24W,20181225,2019,/pas[\s・]?with.*[dＤsＳ][xＸpＰ]/iu,,24,24×1 1/2WO,ライムグリーン,110000,25.5,12.3,25.5,76,56,48,内装3段,141,,720,クラス27標準装備,低床,,20181217
467,ヤマハ,PAS With,PAS With,,PA24W,20181225,2019,/pas[\s・]?with.*[dＤsＳ][xＸpＰ]/iu,,24,24×1 1/2WO,ビビッドマットオレンジ,110000,25.5,12.3,25.5,76,56,48,内装3段,141,,720,クラス27標準装備,低床,,20181217
468,ヤマハ,PAS With,PAS With,,PA26W,20181225,2019,/pas[\s・]?with.*[dＤsＳ][xＸpＰ]/iu,,26,26×1 1/2WO,ライムグリーン,110000,25.5,12.3,26.2,76,56,48,内装3段,145,,745,クラス27標準装備,低床,,20181217
469,ヤマハ,PAS With,PAS With,,PA26W,20181225,2019,/pas[\s・]?with.*[dＤsＳ][xＸpＰ]/iu,,26,26×1 1/2WO,アクシアン,110000,25.5,12.3,26.2,76,56,48,内装3段,145,,745,クラス27標準装備,低床,,20181217
470,ヤマハ,PAS With,PAS With,,PA26W,20181225,2019,/pas[\s・]?with.*[dＤsＳ][xＸpＰ]/iu,,26,26×1 1/2WO,ダークメタリックブラウン,110000,25.5,12.3,26.2,76,56,48,内装3段,145,,745,クラス27標準装備,低床,,20181217
471,ヤマハ,PAS With,PAS With,,PA26W,20181225,2019,/pas[\s・]?with.*[dＤsＳ][xＸpＰ]/iu,,26,26×1 1/2WO,ダークメタリックブルー,110000,25.5,12.3,26.2,76,56,48,内装3段,145,,745,クラス27標準装備,低床,,20181217
472,ヤマハ,PAS With,PAS With,,PA26W,20181225,2019,/pas[\s・]?with.*[dＤsＳ][xＸpＰ]/iu,,26,26×1 1/2WO,ピュアパールホワイト,110000,25.5,12.3,26.2,76,56,48,内装3段,145,,745,クラス27標準装備,低床,,20181217
473,ヤマハ,PAS With,PAS With,,PA26W,20181225,2019,/pas[\s・]?with.*[dＤsＳ][xＸpＰ]/iu,,26,26×1 1/2WO,ピュアシルバー,110000,25.5,12.3,26.2,76,56,48,内装3段,145,,745,クラス27標準装備,低床,,20181217
474,ヤマハ,PAS With,PAS With,,PA26W,20181225,2019,/pas[\s・]?with.*[dＤsＳ][xＸpＰ]/iu,,26,26×1 1/2WO,ビビッドマットオレンジ,110000,25.5,12.3,26.2,76,56,48,内装3段,145,,745,クラス27標準装備,低床,,20181217
475,ヤマハ,PAS With,PAS With DX,,PA24WDX,20181225,2019,/pas[\s・]?with[\s・]?dx/iu,,24,24×1 1/2WO,パウダーブルー2,115000,25.5,12.3,26.7,76,56,48,内装3段,141,,720,クラス27標準装備,低床,,20181217
476,ヤマハ,PAS With,PAS With DX,,PA24WDX,20181225,2019,/pas[\s・]?with[\s・]?dx/iu,,24,24×1 1/2WO,マットカフェベージュ,115000,25.5,12.3,26.7,76,56,48,内装3段,141,,720,クラス27標準装備,低床,,20181217
477,ヤマハ,PAS With,PAS With DX,,PA24WDX,20181225,2019,/pas[\s・]?with[\s・]?dx/iu,,24,24×1 1/2WO,マットブラック２,115000,25.5,12.3,26.7,76,56,48,内装3段,141,,720,クラス27標準装備,低床,,20181217
478,ヤマハ,PAS With,PAS With DX,,PA24WDX,20181225,2019,/pas[\s・]?with[\s・]?dx/iu,,24,24×1 1/2WO,ピュアホワイト,115000,25.5,12.3,26.7,76,56,48,内装3段,141,,720,クラス27標準装備,低床,,20181217
479,ヤマハ,PAS With,PAS With DX,,PA26WDX,20181225,2019,/pas[\s・]?with[\s・]?dx/iu,,26,26×1 1/2WO,パウダーブルー2,115000,25.5,12.3,27.3,76,56,48,内装3段,145,,745,クラス27標準装備,低床,,20181217
480,ヤマハ,PAS With,PAS With DX,,PA26WDX,20181225,2019,/pas[\s・]?with[\s・]?dx/iu,,26,26×1 1/2WO,マットカフェベージュ,115000,25.5,12.3,27.3,76,56,48,内装3段,145,,745,クラス27標準装備,低床,,20181217
481,ヤマハ,PAS With,PAS With DX,,PA26WDX,20181225,2019,/pas[\s・]?with[\s・]?dx/iu,,26,26×1 1/2WO,マットブラック２,115000,25.5,12.3,27.3,76,56,48,内装3段,145,,745,クラス27標準装備,低床,,20181217
482,ヤマハ,PAS With,PAS With DX,,PA26WDX,20181225,2019,/pas[\s・]?with[\s・]?dx/iu,,26,26×1 1/2WO,ピュアホワイト,115000,25.5,12.3,27.3,76,56,48,内装3段,145,,745,クラス27標準装備,低床,,20181217
483,ヤマハ,PAS With,PAS With DX,,PA26WDX,20181225,2019,/pas[\s・]?with[\s・]?dx/iu,,26,26×1 1/2WO,ワインレッド,115000,25.5,12.3,27.3,76,56,48,内装3段,145,,745,クラス27標準装備,低床,,20181217
484,ヤマハ,PAS With,PAS With DX,,PA26WDX,20181225,2019,/pas[\s・]?with[\s・]?dx/iu,,26,26×1 1/2WO,ディープフォレスト,115000,25.5,12.3,27.3,76,56,48,内装3段,145,,745,クラス27標準装備,低床,,20181217
485,ヤマハ,PAS With,PAS With SP,,PA24WSP,20181225,2019,/pas[\s・]?with[\s・]?sp/iu,,24,24×1 1/2WO,マットダークグリーン,139000,25.5,15.4,26.8,100,70,59,内装3段,141,,720,クラス27標準装備,低床,,20181217
486,ヤマハ,PAS With,PAS With SP,,PA24WSP,20181225,2019,/pas[\s・]?with[\s・]?sp/iu,,24,24×1 1/2WO,ブロンズメタリック,139000,25.5,15.4,26.8,100,70,59,内装3段,141,,720,クラス27標準装備,低床,,20181217
487,ヤマハ,PAS With,PAS With SP,,PA26WSP,20181225,2019,/pas[\s・]?with[\s・]?sp/iu,,26,26×1 1/2WO,マットダークグリーン,139000,25.5,15.4,27.5,100,70,59,内装3段,145,,745,クラス27標準装備,低床,,20181217
488,ヤマハ,PAS With,PAS With SP,,PA26WSP,20181225,2019,/pas[\s・]?with[\s・]?sp/iu,,26,26×1 1/2WO,ブロンズメタリック,139000,25.5,15.4,27.5,100,70,59,内装3段,145,,745,クラス27標準装備,低床,,20181217
489,ヤマハ,PAS With,PAS With SP,,PA26WSP,20181225,2019,/pas[\s・]?with[\s・]?sp/iu,,26,26×1 1/2WO,ダークメタリックレッド,139000,25.5,15.4,27.5,100,70,59,内装3段,145,,745,クラス27標準装備,低床,,20181217
490,ヤマハ,PAS With,PAS With SP,,PA26WSP,20181225,2019,/pas[\s・]?with[\s・]?sp/iu,,26,26×1 1/2WO,グレーメタリック,139000,25.5,15.4,27.5,100,70,59,内装3段,145,,745,クラス27標準装備,低床,,20181217
491,ヤマハ,PAS ナチュラ,PAS ナチュラM,,PA24NM,,2017,/pas[\s・]?ナチュラ[\s・]?M/iu,,24,24×1 3/8WO,リッチレッド,93000,25.5,6.2,22.8,36,25,21,内装3段,141,,720,クラス27標準装備,低床,,20181217
492,ヤマハ,PAS ナチュラ,PAS ナチュラM,,PA24NM,,2017,/pas[\s・]?ナチュラ[\s・]?M/iu,,24,24×1 3/8WO,カラメルブラウン,93000,25.5,6.2,22.8,36,25,21,内装3段,141,,720,クラス27標準装備,低床,,20181217
493,ヤマハ,PAS ナチュラ,PAS ナチュラM,,PA24NM,,2017,/pas[\s・]?ナチュラ[\s・]?M/iu,,24,24×1 3/8WO,シルバー,93000,25.5,6.2,22.8,36,25,21,内装3段,141,,740,クラス27標準装備,低床,,20181217
494,ヤマハ,PAS ナチュラ,PAS ナチュラM,,PA26NM,,2017,/pas[\s・]?ナチュラ[\s・]?M/iu,,26,26×1 3/8WO,リッチレッド,93000,25.5,6.2,23.6,36,25,21,内装3段,144,,740,クラス27標準装備,低床,,20181217
495,ヤマハ,PAS ナチュラ,PAS ナチュラM,,PA26NM,,2017,/pas[\s・]?ナチュラ[\s・]?M/iu,,26,26×1 3/8WO,カラメルブラウン,93000,25.5,6.2,23.6,36,25,21,内装3段,144,,740,クラス27標準装備,低床,,20181217
496,ヤマハ,PAS ナチュラ,PAS ナチュラM,,PA26NM,,2017,/pas[\s・]?ナチュラ[\s・]?M/iu,,26,26×1 3/8WO,アースブルー,93000,25.5,6.2,23.6,36,25,21,内装3段,144,,740,クラス27標準装備,低床,,20181217
497,ヤマハ,PAS ナチュラ,PAS ナチュラM,,PA26NM,,2017,/pas[\s・]?ナチュラ[\s・]?M/iu,,26,26×1 3/8WO,シルバー,93000,25.5,6.2,23.6,36,25,21,内装3段,144,,740,クラス27標準装備,低床,,20181217
498,ヤマハ,PAS ナチュラ,PAS ナチュラM,,PA26NM,,2017,/pas[\s・]?ナチュラ[\s・]?M/iu,,26,26×1 3/8WO,アッシュゴールド,93000,25.5,6.2,23.6,36,25,21,内装3段,144,,740,クラス27標準装備,低床,,20181217
499,ヤマハ,PAS ナチュラ,PAS ナチュラM,,PA26NM,,2017,/pas[\s・]?ナチュラ[\s・]?M/iu,,26,26×1 3/8WO,ターコイズ,93000,25.5,6.2,23.6,36,25,21,内装3段,144,,740,クラス27標準装備,低床,,20181217
500,ヤマハ,PAS ナチュラ,PAS ナチュラXL,あさひ限定,,,2018,/pas[\s・]?ナチュラ[\s・]?XL[\s・]?リミテッド/iu,,26,26×1 1/2WO,アイボリー,,25.5,12.3,25.6,76,54,45,内装3段,144,,740,クラス27標準装備,低床,,20181217
501,ヤマハ,PAS ナチュラ,PAS ナチュラXL LTD,,PA26DGLC8J,,2018,/pas[\s・]?ナチュラ[\s・]?XL[\s・]?LTD/iu,,26,26×1 1/2WO,ゴールド,,25.5,12.3,26.3,76,54,45,内装3段,142,,740,クラス27標準装備,低床,,20181217
502,ヤマハ,PAS ナチュラ,PAS ナチュラXL LTD,,PA26DGLC8J,,2018,/pas[\s・]?ナチュラ[\s・]?XL[\s・]?LTD/iu,,26,26×1 1/2WO,レッド,,25.5,12.3,26.3,76,54,45,内装3段,142,,740,クラス27標準装備,低床,,20181217
503,ヤマハ,PAS ナチュラ,PAS ナチュラXL LTD,,PA26DGLC8J,,2018,/pas[\s・]?ナチュラ[\s・]?XL[\s・]?LTD/iu,,26,26×1 1/2WO,ブラック,,25.5,12.3,26.3,76,54,45,内装3段,142,,740,クラス27標準装備,低床,,20181217
504,ヤマハ,PAS ナチュラ,PAS ナチュラXLリミテッド,イオン限定,PA26DGLC8J,,2018,/pas[\s・]?ナチュラ[\s・]?XL[\s・]?リミテッド/iu,,26,,レッド,,25.5,12.3,25.6,76,54,45,内装3段,144,,740,クラス27標準装備,低床,,20181217
505,ヤマハ,PAS ナチュラ,PAS ナチュラM,,PA24NM,,2019,/pas[\s・]?ナチュラ[\s・]?M/iu,,24,24×1 3/8WO,ミラーシルバー,93000,25.5,6.2,22.8,36,25,21,内装3段,141,,720,クラス27標準装備,低床,,20181217
506,ヤマハ,PAS ナチュラ,PAS ナチュラM,,PA24NM,,2019,/pas[\s・]?ナチュラ[\s・]?M/iu,,24,24×1 3/8WO,レッド,93000,25.5,6.2,22.8,36,25,21,内装3段,141,,720,クラス27標準装備,低床,,20181217
507,ヤマハ,PAS ナチュラ,PAS ナチュラM,,PA26NM,,2019,/pas[\s・]?ナチュラ[\s・]?M/iu,,26,26×1 3/8WO,ミラーシルバー,93000,25.5,6.2,23.6,36,25,21,内装3段,144,,740,クラス27標準装備,低床,,20181217
508,ヤマハ,PAS ナチュラ,PAS ナチュラM,,PA26NM,,2019,/pas[\s・]?ナチュラ[\s・]?M/iu,,26,26×1 3/8WO,クリスタルブラック,93000,25.5,6.2,23.6,36,25,21,内装3段,144,,740,クラス27標準装備,低床,,20181217
509,ヤマハ,PAS ナチュラ,PAS ナチュラM,,PA26NM,,2019,/pas[\s・]?ナチュラ[\s・]?M/iu,,26,26×1 3/8WO,ディープグリーン,93000,25.5,6.2,23.6,36,25,21,内装3段,144,,740,クラス27標準装備,低床,,20181217
510,ヤマハ,PAS ナチュラ,PAS ナチュラM,,PA26NM,,2019,/pas[\s・]?ナチュラ[\s・]?M/iu,,26,26×1 3/8WO,レッド,93000,25.5,6.2,23.6,36,25,21,内装3段,144,,740,クラス27標準装備,低床,,20181217
511,ヤマハ,PAS ナチュラ,PAS ナチュラXM,イオン限定,,,2019,/pas[\s・]?ナチュラ[\s・]?XM/iu,,26,26×1 3/8WO,アイボリー,,25.5,12.3,25.4,,49,,内装3段,144,,740,クラス27標準装備,低床,,20181217
512,ヤマハ,PAS ナチュラ,PAS ナチュラXM,イオン限定,,,2019,/pas[\s・]?ナチュラ[\s・]?XM/iu,,26,26×1 3/8WO,アースブルー,,25.5,12.3,25.4,,49,,内装3段,144,,740,クラス27標準装備,低床,,20181217
513,ヤマハ,PAS ナチュラ,PAS ナチュラXM,イオン限定,,,2019,/pas[\s・]?ナチュラ[\s・]?XM/iu,,26,26×1 3/8WO,カラメルブラウン,,25.5,12.3,25.4,,49,,内装3段,144,,740,クラス27標準装備,低床,,20181217
514,ヤマハ,,PAS Fiona,あさひ限定,,20190111,2019,/pas[\s・]?Fiona/isu,,26,26×1 1/2WO,ターコイズ,,25.5,12.3,27.8,76,54,45,内装3段,146,,750,クラス27標準装備,,,20181217
515,ヤマハ,,PAS Fiona,あさひ限定,,20190111,2019,/pas[\s・]?Fiona/isu,,26,26×1 1/2WO,カラメルブラウン,,25.5,12.3,27.8,76,54,45,内装3段,146,,750,クラス27標準装備,,,20181217
516,ヤマハ,,PAS Fiona,あさひ限定,,20190111,2019,/pas[\s・]?Fiona/isu,,26,26×1 1/2WO,ミルキーアイボリー,,25.5,12.3,27.8,76,54,45,内装3段,146,,750,クラス27標準装備,,,20181217
517,丸石,ふらっか〜ず,ふらっか～ずアクティブ アシスト,,ASFRPP203B,,2018,/ふらっか〜ず[\s・]?アクティブ[\s・]?アシスト/isu,,20,,エナメルブラック,118000,36,4.3,30.9,30,23,20,内装3段,140,150,750,クラス27標準装備,低床,前輪駆動,20181217
518,丸石,ふらっか〜ず,ふらっか～ずアクティブ アシスト,,ASFRPP203B,,2018,/ふらっか〜ず[\s・]?アクティブ[\s・]?アシスト/isu,,20,,ブラウニーレッド,118000,36,4.3,30.9,30,23,20,内装3段,140,150,750,クラス27標準装備,低床,前輪駆動,20181217
519,丸石,ふらっか〜ず,ふらっか～ずアクティブ アシスト,,ASFRPP203B,,2018,/ふらっか〜ず[\s・]?アクティブ[\s・]?アシスト/isu,,20,,パールホワイト,118000,36,4.3,30.9,30,23,20,内装3段,140,150,750,クラス27標準装備,低床,前輪駆動,20181217
520,丸石,ふらっか〜ず,ふらっか～ずキュート アシスト,,ASFRQ263B,,2018,/ふらっか〜ず[\s・]?キュート[\s・]?アシスト/isu,,26,,インクブルー,99800,36,4.3,28.8,37,25,22,内装3段,140,,,クラス27標準装備,低床,前輪駆動,20181217
521,丸石,ふらっか〜ず,ふらっか～ずキュート アシスト,,ASFRQ263B,,2018,/ふらっか〜ず[\s・]?キュート[\s・]?アシスト/isu,,26,,ダークグレーメタリック,99800,36,4.3,28.8,37,25,22,内装3段,140,,,クラス27標準装備,低床,前輪駆動,20181217
522,丸石,ふらっか〜ず,ふらっか～ずキュート アシスト,,ASFRQ263B,,2018,/ふらっか〜ず[\s・]?キュート[\s・]?アシスト/isu,,26,,ブラウン,99800,36,4.3,28.8,37,25,22,内装3段,140,,,クラス27標準装備,低床,前輪駆動,20181217
523,丸石,ふらっか〜ず,ふらっか〜ずココッティ アシスト,,ASCCY203J,201902,2019,/ふらっか〜ず[\s・]?ココッティ[\s・]アシスト/isu,,20,20×1.95,ソーダブルー,105000,36,6.7,27.7,47,36,32,内装3段,140,150,730,クラス27標準装備,低床,前輪駆動,20181217
524,丸石,ふらっか〜ず,ふらっか〜ずココッティ アシスト,,ASCCY203J,201902,2019,/ふらっか〜ず[\s・]?ココッティ[\s・]アシスト/isu,,20,20×1.95,モスグリーン,105000,36,6.7,27.7,47,36,32,内装3段,140,150,730,クラス27標準装備,低床,前輪駆動,20181217
525,丸石,ふらっか〜ず,ふらっか〜ずココッティ アシスト,,ASCCY203J,201902,2019,/ふらっか〜ず[\s・]?ココッティ[\s・]アシスト/isu,,20,20×1.95,オフホワイト,105000,36,6.7,27.7,47,36,32,内装3段,140,150,730,クラス27標準装備,低床,前輪駆動,20181217
526,丸石,ふらっか〜ず,ふらっか〜ずココッティ アシスト リヤシート付きモデル,,ASCCY203J-R,201902,2019,/ふらっか〜ず[\s・]?ココッティ[\s・]?アシスト[\s・]?リヤシート付きモデル/isu,,20,20×1.95,ソーダブルー,115000,36,6.7,31.3,47,36,32,内装3段,140,150,730,クラス27標準装備,低床,前輪駆動,20181217
527,丸石,ふらっか〜ず,ふらっか〜ずココッティ アシスト リヤシート付きモデル,,ASCCY203J-R,201902,2019,/ふらっか〜ず[\s・]?ココッティ[\s・]?アシスト[\s・]?リヤシート付きモデル/isu,,20,20×1.95,モスグリーン,115000,36,6.7,31.3,47,36,32,内装3段,140,150,730,クラス27標準装備,低床,前輪駆動,20181217
528,丸石,ふらっか〜ず,ふらっか〜ずココッティ アシスト リヤシート付きモデル,,ASCCY203J-R,201902,2019,/ふらっか〜ず[\s・]?ココッティ[\s・]?アシスト[\s・]?リヤシート付きモデル/isu,,20,20×1.95,オフホワイト,115000,36,6.7,31.3,47,36,32,内装3段,140,150,730,クラス27標準装備,低床,前輪駆動,20181217
529,丸石,ふらっか〜ず,ふらっか～ずアクティブ アシスト,,ASFRPP203J,201902,2019,/ふらっか〜ず[\s・]?アクティブ[\s・]?アシスト/isu,,20,20×1.95,エナメルブラック,118000,36,6.7,31,47,36,32,内装3段,140,150,750,クラス27標準装備,,前輪駆動,20181217
530,丸石,ふらっか〜ず,ふらっか～ずアクティブ アシスト,,ASFRPP203J,201902,2019,/ふらっか〜ず[\s・]?アクティブ[\s・]?アシスト/isu,,20,20×1.95,パールホワイト,118000,36,6.7,31,47,36,32,内装3段,140,150,750,クラス27標準装備,,前輪駆動,20181217
531,丸石,ふらっか〜ず,ふらっか～ずキュート アシスト,,ASFRQ263J,201902,2019,/ふらっか〜ず[\s・]?キュート[\s・]?アシスト/isu,,26,,エナメルネイビー,105000,36,6.7,28.9,58,39,35,内装3段,142,155,760,クラス27標準装備,低床,前輪駆動,20181217
532,丸石,ふらっか〜ず,ふらっか～ずキュート アシスト,,ASFRQ263J,201902,2019,/ふらっか〜ず[\s・]?キュート[\s・]?アシスト/isu,,26,,メタリックエンジ,105000,36,6.7,28.9,58,39,35,内装3段,142,155,760,クラス27標準装備,低床,前輪駆動,20181217
533,丸石,ふらっか〜ず,ふらっか～ずキュート アシスト,,ASFRQ263J,201902,2019,/ふらっか〜ず[\s・]?キュート[\s・]?アシスト/isu,,26,,メタリックシルバー,105000,36,6.7,28.9,58,39,35,内装3段,142,155,760,クラス27標準装備,低床,前輪駆動,20181217
534,丸石,,アーバニティクロス アシスト,,ASAP277B,,2018,/アーバニティクロス[\s・]?アシスト/isu,,27,,マットブラック,99800,36,4.3,24,38,26,23,外装7段,,,810,取付可,,前輪駆動,20181217
535,丸石,,アーバニティクロス アシスト,,ASAP277B,,2018,/アーバニティクロス[\s・]?アシスト/isu,,27,,マットライトグレー,99800,36,4.3,24,38,26,23,外装7段,,,810,取付可,,前輪駆動,20181217
536,丸石,,ココッティ アシスト,,ASCCY203B,,2018,/ココッティ[\s・]?アシスト/isu,,20,,マットレッド,99800,36,4.3,27.6,30,23,20,内装3段,140,150,810,クラス27標準装備,低床,前輪駆動,20181217
537,丸石,,ココッティ アシスト,,ASCCY203B,,2018,/ココッティ[\s・]?アシスト/isu,,20,,マットミント,99800,36,4.3,27.6,30,23,20,内装3段,140,150,810,クラス27標準装備,低床,前輪駆動,20181217
538,丸石,,ココッティ アシスト,,ASCCY203B,,2018,/ココッティ[\s・]?アシスト/isu,,20,,ダークグレーメタリック,99800,36,4.3,27.6,30,23,20,内装3段,140,150,810,クラス27標準装備,低床,前輪駆動,20181217
539,丸石,,ココッティ アシスト リヤシート付きモデル,,ASCCY203B-R,,2018,/ココッティ[\s・]?アシスト[\s・]?リヤシート付きモデル/isu,,20,,マットレッド,109800,36,4.3,31.2,,,,内装3段,140,150,810,クラス27標準装備,低床,前輪駆動,20181217
540,丸石,,ココッティ アシスト リヤシート付きモデル,,ASCCY203B-R,,2018,/ココッティ[\s・]?アシスト[\s・]?リヤシート付きモデル/isu,,20,,マットミント,109800,36,4.3,31.2,,,,内装3段,140,150,810,クラス27標準装備,低床,前輪駆動,20181217
541,丸石,,ココッティ アシスト リヤシート付きモデル,,ASCCY203B-R,,2018,/ココッティ[\s・]?アシスト[\s・]?リヤシート付きモデル/isu,,20,,ダークグレーメタリック,109800,36,4.3,31.2,,,,内装3段,140,150,810,クラス27標準装備,低床,前輪駆動,20181217
542,丸石,,プルミエール アシスト,,ASPE263B,,2018,/プルミエール[\s・]?アシスト/isu,,26,,グレイッシュミント,99800,36,4.3,26.7,37,25,22,内装3段,,,750,クラス27標準装備,,前輪駆動,20181217
543,丸石,,プルミエール アシスト,,ASPE263B,,2018,/プルミエール[\s・]?アシスト/isu,,26,,インクブルー,99800,36,4.3,26.7,37,25,22,内装3段,,,750,クラス27標準装備,,前輪駆動,20181217
544,丸石,,プルミエール アシスト,,ASPE263B,,2018,/プルミエール[\s・]?アシスト/isu,,26,,ホワイトグレー,99800,36,4.3,26.7,37,25,22,内装3段,,,750,クラス27標準装備,,前輪駆動,20181217
545,丸石,,アーバニティクロス アシスト,,ASAP277J,201902,2019,/アーバニティクロス[\s・]?アシスト/isu,,27,,パールホワイト,105000,36,6.7,24.1,60,41,36,外装7段,160,,810,取付可,,前輪駆動,20181217
546,丸石,,アーバニティクロス アシスト,,ASAP277J,201902,2019,/アーバニティクロス[\s・]?アシスト/isu,,27,,インディゴブルー,105000,36,6.7,24.1,60,41,36,外装7段,160,,810,取付可,,前輪駆動,20181217
547,丸石,,アーバニティクロス アシスト,,ASAP277J,201902,2019,/アーバニティクロス[\s・]?アシスト/isu,,27,,メタリックブラック,105000,36,6.7,24.1,60,41,36,外装7段,160,,810,取付可,,前輪駆動,20181217
548,丸石,,プルミエール アシスト,,ASPE263J,201902,2019,/プルミエール[\s・]?アシスト/isu,,26,,ブリティッシュグリーン,105000,36,6.7,26.8,58,39,35,内装3段,140,,750,クラス27標準装備,,前輪駆動,20181217
549,丸石,,プルミエール アシスト,,ASPE263J,201902,2019,/プルミエール[\s・]?アシスト/isu,,26,,ダークレッド,105000,36,6.7,26.8,58,39,35,内装3段,140,,750,クラス27標準装備,,前輪駆動,20181217
550,丸石,,プルミエール アシスト,,ASPE263J,201902,2019,/プルミエール[\s・]?アシスト/isu,,26,,アイボリー,105000,36,6.7,26.8,58,39,35,内装3段,140,,750,クラス27標準装備,,前輪駆動,20181217
